iteration,curr policy return,max return,median return,avg return,avg rollout len,min mag policy param,max mag policy param,min expl strat std,avg expl strat std,max expl strat std,expl strat entropy
0,792.9647054290701,1108.8711743482822,688.7034835971467,749.5006067872578,1365.888888888889,0.04105021106437321,0.9291229012366992,0.19047619047619047,0.19047619047619047,0.19047619047619047,-13.50511415622712
1,1108.5517427045888,1233.8713131278073,921.2933404547734,878.6843098017133,1559.888888888889,-0.1667425558455478,0.8111157935279888,0.18140589569160995,0.18140589569160998,0.18140589569160995,-13.944225633752009
2,1234.2287536722636,1058.658105471467,876.6740775456794,826.3825381050351,1543.111111111111,-0.21022966587691883,0.8898839592575132,0.19047619047619047,0.19047619047619047,0.19047619047619047,-13.50511415622712
3,1237.391743631861,1073.42279496761,727.6084098838521,784.64505334731,1442.5555555555557,-0.21022966587691883,0.8898839592575132,0.2,0.19999999999999998,0.2,-13.06600267870223
4,1237.391743631861,1139.5482105641395,880.6753192047302,839.2830902571019,1518.111111111111,-0.21022966587691883,0.8898839592575132,0.21000000000000002,0.21,0.21000000000000002,-12.626891201177342
5,1237.391743631861,1048.9607645172944,874.6072874200024,845.4371146266179,1547.888888888889,-0.21022966587691883,0.8898839592575132,0.22050000000000003,0.22049999999999997,0.22050000000000003,-12.187779723652454
6,1237.391743631861,1108.8016325516342,755.248446922462,823.5709305926755,1447.611111111111,-0.21022966587691883,0.8898839592575132,0.23152500000000004,0.23152500000000004,0.23152500000000004,-11.748668246127565
7,1233.9805556819285,1004.5016439805095,912.6127447077905,841.7803055538178,1545.1666666666667,-0.21022966587691883,0.8898839592575132,0.24310125000000007,0.2431012500000001,0.24310125000000007,-11.309556768602675
8,1234.8388154960644,1177.1418017233752,889.1078178807193,896.9045880110065,1602.0555555555557,-0.21022966587691883,0.8898839592575132,0.2552563125000001,0.2552563125000001,0.2552563125000001,-10.870445291077788
9,1234.4670370125725,1124.3947502313817,880.7343623449558,831.0224810241323,1509.8333333333333,-0.21022966587691883,0.8898839592575132,0.2680191281250001,0.2680191281250001,0.2680191281250001,-10.431333813552898
10,1233.991271586951,1078.6536782849719,720.0039617568532,784.6993066368682,1426.1666666666667,-0.21022966587691883,0.8898839592575132,0.28142008453125006,0.28142008453125006,0.28142008453125006,-9.992222336028012
11,1233.8713131278073,1060.1015897042694,855.0223182694847,850.900357974149,1519.5555555555557,-0.21022966587691883,0.8898839592575132,0.29549108875781255,0.29549108875781255,0.29549108875781255,-9.553110858503127
12,1234.0507621784184,1053.3337799904739,865.7070759996645,828.0486991262121,1515.0,-0.21022966587691883,0.8898839592575132,0.31026564319570327,0.3102656431957032,0.31026564319570327,-9.113999380978235
13,1233.9578627744077,1081.0938975154786,840.7541566335619,817.3292511544151,1457.3333333333333,-0.21022966587691883,0.8898839592575132,0.32577892535548847,0.3257789253554884,0.32577892535548847,-8.674887903453346
14,1237.391743631861,1093.9546615034078,869.2086501049979,823.0232417289125,1486.8333333333333,-0.21022966587691883,0.8898839592575132,0.34206787162326296,0.34206787162326296,0.34206787162326296,-8.235776425928456
15,1234.3717360010778,1114.831220549169,915.5113869846107,877.6106147007783,1549.0555555555557,-0.21022966587691883,0.8898839592575132,0.35917126520442616,0.3591712652044262,0.35917126520442616,-7.796664948403567
16,1233.8713131278073,1415.8173985886565,840.9318930518702,875.5122634578629,1501.4444444444443,-0.21022966587691883,0.8898839592575132,0.342067871623263,0.342067871623263,0.342067871623263,-8.235776425928455
17,1420.0065978013179,1429.566828791863,1015.434031917091,970.4477428194477,1625.1666666666667,0.09818760737115345,1.0734185047174827,0.3257789253554886,0.3257789253554886,0.3257789253554886,-8.674887903453342
18,1429.6211770409836,1097.388449129569,924.7893031863948,905.4942502101286,1614.611111111111,0.16359936274394066,1.2082612809693014,0.342067871623263,0.342067871623263,0.342067871623263,-8.235776425928455
19,1429.53412552065,1064.967649586684,963.4048115431335,933.1199633047875,1674.2777777777778,0.16359936274394066,1.2082612809693014,0.35917126520442616,0.3591712652044262,0.35917126520442616,-7.796664948403567
20,1430.3439213858933,1317.632632072487,965.6445765274487,921.2977645843447,1561.5555555555557,0.16359936274394066,1.2082612809693014,0.3771298284646475,0.37712982846464754,0.3771298284646475,-7.357553470878678
21,1429.4921435722283,1154.2167637872908,962.6965306394552,910.4980210836212,1525.2222222222222,0.16359936274394066,1.2082612809693014,0.39598631988787986,0.39598631988787986,0.39598631988787986,-6.91844199335379
22,1429.6780123657766,1177.571916684507,873.9123159567225,832.771277855531,1439.9444444444443,0.16359936274394066,1.2082612809693014,0.41578563588227385,0.4157856358822739,0.41578563588227385,-6.479330515828902
23,1429.5171227006208,1059.512379055798,770.5315955618462,773.5864513929188,1355.6666666666667,0.16359936274394066,1.2082612809693014,0.43657491767638756,0.43657491767638756,0.43657491767638756,-6.040219038304013
24,1429.5171227006208,1114.0850255664325,907.5451907847071,857.0468054839052,1495.9444444444443,0.16359936274394066,1.2082612809693014,0.45840366356020695,0.45840366356020695,0.45840366356020695,-5.601107560779125
25,1429.4921435722283,1136.975694273533,980.7407544084956,932.4140481859033,1610.1666666666667,0.16359936274394066,1.2082612809693014,0.4813238467382173,0.4813238467382173,0.4813238467382173,-5.161996083254236
26,1429.4921435722283,1213.7162741469342,906.992399394007,855.0025795173601,1463.3333333333333,0.16359936274394066,1.2082612809693014,0.5053900390751283,0.5053900390751283,0.5053900390751283,-4.722884605729346
27,1429.5207780274438,1048.8232365452698,876.238751519054,818.0811231029215,1429.8333333333333,0.16359936274394066,1.2082612809693014,0.5306595410288847,0.5306595410288847,0.5306595410288847,-4.283773128204459
28,1429.5171227006208,1115.8534322313722,947.7291422984215,840.1188389195435,1461.611111111111,0.16359936274394066,1.2082612809693014,0.557192518080329,0.557192518080329,0.557192518080329,-3.8446616506795697
29,1429.5390559081934,1272.2296548842673,965.0487827734617,918.7081972381543,1577.1666666666667,0.16359936274394066,1.2082612809693014,0.5850521439843455,0.5850521439843455,0.5850521439843455,-3.405550173154681
30,1429.8456713390217,1052.2124458699689,779.5538346640881,775.140581266097,1403.2777777777778,0.16359936274394066,1.2082612809693014,0.6143047511835628,0.6143047511835628,0.6143047511835628,-2.9664386956297935
31,1429.5171227006208,1259.1089889869975,903.8900386205994,864.0534157393034,1538.2222222222222,0.16359936274394066,1.2082612809693014,0.6450199887427409,0.6450199887427409,0.6450199887427409,-2.5273272181049045
32,1429.5171227006208,1119.4170704449236,831.6073377267857,799.1757638740877,1391.0,0.16359936274394066,1.2082612809693014,0.677270988179878,0.677270988179878,0.677270988179878,-2.088215740580017
33,1429.5171227006208,1143.7659581179853,757.7470523002996,744.55897737872,1375.2222222222222,0.16359936274394066,1.2082612809693014,0.7111345375888719,0.7111345375888718,0.7111345375888719,-1.6491042630551278
34,1429.5171227006208,1108.5261605175433,741.7932791165148,769.783296801522,1320.5,0.16359936274394066,1.2082612809693014,0.7466912644683156,0.7466912644683157,0.7466912644683156,-1.2099927855302393
35,1429.4921435722283,1118.7153812482234,727.426552676989,740.9893182518759,1324.611111111111,0.16359936274394066,1.2082612809693014,0.7840258276917313,0.7840258276917313,0.7840258276917313,-0.7708813080053512
36,1429.4932091675987,1122.9704618776643,792.966056086005,772.7331406123827,1384.2777777777778,0.16359936274394066,1.2082612809693014,0.823227119076318,0.823227119076318,0.823227119076318,-0.3317698304804626
37,1429.5171227006208,1172.4020810109498,775.0018069391313,767.8275994080595,1377.0555555555557,0.16359936274394066,1.2082612809693014,0.8643884750301339,0.864388475030134,0.8643884750301339,0.10734164704442617
38,1429.5171227006208,1102.2493142982562,752.7995528933054,774.612578581186,1371.8333333333333,0.16359936274394066,1.2082612809693014,0.9076078987816407,0.9076078987816408,0.9076078987816407,0.5464531245693147
39,1429.5100142852248,1027.30598222022,801.8225857966208,772.9334045866995,1395.5,0.16359936274394066,1.2082612809693014,0.9529882937207228,0.9529882937207227,0.9529882937207228,0.9855646020942033
40,1429.5171227006208,1031.3684548185397,770.9296377669724,720.5648398166577,1328.7777777777778,0.16359936274394066,1.2082612809693014,1.000637708406759,1.000637708406759,1.000637708406759,1.4246760796190925
41,1429.561589742973,1071.8273641665512,832.9678674978059,770.9642879646094,1386.1666666666667,0.16359936274394066,1.2082612809693014,1.0506695938270971,1.0506695938270971,1.0506695938270971,1.863787557143982
42,1429.5171227006208,1053.777890009253,793.3183855063834,738.378725601929,1390.111111111111,0.16359936274394066,1.2082612809693014,1.103203073518452,1.1032030735184521,1.103203073518452,2.3028990346688696
43,1429.5171227006208,1172.570009876227,645.4449314104259,680.8646973371427,1220.5555555555557,0.16359936274394066,1.2082612809693014,1.1583632271943747,1.1583632271943747,1.1583632271943747,2.742010512193758
44,1429.5171227006208,1080.504204609616,579.304804412784,636.0409178553589,1125.611111111111,0.16359936274394066,1.2082612809693014,1.2162813885540935,1.2162813885540935,1.2162813885540935,3.1811219897186476
45,1429.5171227006208,1134.09680999057,667.593310799791,686.1717247698307,1292.888888888889,0.16359936274394066,1.2082612809693014,1.2770954579817981,1.2770954579817981,1.2770954579817981,3.6202334672435343
46,1429.4921435722283,1108.2295548150378,772.9920961870525,781.8640945223682,1397.0,0.16359936274394066,1.2082612809693014,1.340950230880888,1.340950230880888,1.340950230880888,4.059344944768423
47,1429.4921435722283,1109.3000493206405,741.1710507217816,734.5792848627198,1286.2777777777778,0.16359936274394066,1.2082612809693014,1.4079977424249326,1.4079977424249324,1.4079977424249326,4.498456422293312
48,1430.3831519962416,1067.5575896225077,709.4447112230819,705.1059980291404,1292.611111111111,0.16359936274394066,1.2082612809693014,1.4783976295461794,1.4783976295461796,1.4783976295461794,4.937567899818201
49,1429.4921435722283,1138.5666986993606,574.7813183931203,648.7776437932973,1119.2777777777778,0.16359936274394066,1.2082612809693014,1.5523175110234884,1.5523175110234886,1.5523175110234884,5.376679377343089
50,1429.5171227006208,977.2516591023385,488.4875956049111,567.5419262531567,1086.4444444444443,0.16359936274394066,1.2082612809693014,1.6299333865746628,1.629933386574663,1.6299333865746628,5.815790854867977
51,1429.5432203855526,1097.9098695347338,739.0059265816183,695.7161855843037,1272.4444444444443,0.16359936274394066,1.2082612809693014,1.711430055903396,1.711430055903396,1.711430055903396,6.254902332392865
52,1429.4921435722283,902.4615354600976,553.7112384135573,593.6540089299856,1078.888888888889,0.16359936274394066,1.2082612809693014,1.7970015586985657,1.7970015586985657,1.7970015586985657,6.694013809917752
53,1429.4921435722283,1048.1838416458538,561.7133583410182,627.1228979705479,1144.388888888889,0.16359936274394066,1.2082612809693014,1.886851636633494,1.886851636633494,1.886851636633494,7.133125287442642
54,1429.5755487824592,905.9198187020538,525.0235110990611,566.6327250458794,987.7777777777778,0.16359936274394066,1.2082612809693014,1.9811942184651687,1.9811942184651687,1.9811942184651687,7.5722367649675295
55,1429.4921435722283,766.5310023919895,480.89377389382776,534.5935828531422,938.7222222222222,0.16359936274394066,1.2082612809693014,2.0802539293884275,2.080253929388427,2.0802539293884275,8.011348242492419
56,1429.4921435722283,987.5322657559011,569.7760143088592,578.2801813310152,1049.2777777777778,0.16359936274394066,1.2082612809693014,2.184266625857849,2.1842666258578487,2.184266625857849,8.450459720017307
57,1429.5171227006208,1109.7420876185547,605.5095704587802,676.1055779184959,1230.888888888889,0.16359936274394066,1.2082612809693014,2.293479957150742,2.293479957150742,2.293479957150742,8.889571197542196
58,1429.5171227006208,1024.9525699435542,517.5354928409428,600.8824455213842,1125.5,0.16359936274394066,1.2082612809693014,2.408153955008279,2.408153955008279,2.408153955008279,9.328682675067085
59,1429.4921435716699,1185.535374711279,465.53020566430934,599.8625163378057,1022.7777777777778,0.16359936274394066,1.2082612809693014,2.528561652758693,2.528561652758693,2.528561652758693,9.767794152591973
60,1429.4921435722283,912.86047771864,507.25867164564374,562.5264581575739,1078.1666666666667,0.16359936274394066,1.2082612809693014,2.654989735396628,2.654989735396628,2.654989735396628,10.206905630116863
61,1429.4921435722283,897.3812386375457,558.7850623337141,584.431485225849,1101.6666666666667,0.16359936274394066,1.2082612809693014,2.7877392221664596,2.7877392221664596,2.7877392221664596,10.64601710764175
62,1429.4921435712072,914.7918824038715,481.26174814555225,515.4095994300103,983.8888888888889,0.16359936274394066,1.2082612809693014,2.927126183274783,2.927126183274783,2.927126183274783,11.08512858516664
63,1429.5171227006208,1027.1328597641582,576.5364000504637,580.711736316188,1048.2777777777778,0.16359936274394066,1.2082612809693014,3.0734824924385222,3.0734824924385222,3.0734824924385222,11.52424006269153
64,1429.5171227006208,886.6130271336187,497.2024461107674,500.262488108732,885.2777777777778,0.16359936274394066,1.2082612809693014,3.227156617060448,3.227156617060448,3.227156617060448,11.963351540216415
65,1429.5171227006208,914.6306092821645,435.0432880056495,534.7785310763757,1000.8333333333334,0.16359936274394066,1.2082612809693014,3.38851444791347,3.3885144479134697,3.38851444791347,12.402463017741303
66,1429.5171227006208,943.8029355839371,471.94238964932265,498.5932294572485,893.0555555555555,0.16359936274394066,1.2082612809693014,3.5579401703091436,3.557940170309144,3.5579401703091436,12.84157449526619
67,1429.5171227006208,963.369490148968,357.52004965161143,406.8168158980478,768.3333333333334,0.16359936274394066,1.2082612809693014,3.7358371788246014,3.7358371788246023,3.7358371788246014,13.28068597279108
68,1429.5171227006208,885.5453411290264,495.10506642638836,521.6990518508604,1000.8888888888889,0.16359936274394066,1.2082612809693014,3.922629037765831,3.922629037765831,3.922629037765831,13.719797450315967
69,1429.5171227006208,561.2733515173344,390.961050270822,390.14132763673115,709.3888888888889,0.16359936274394066,1.2082612809693014,4.118760489654123,4.118760489654123,4.118760489654123,14.158908927840855
70,1429.4921435722283,734.5095306045496,367.4511966164463,388.25505028191213,734.2777777777778,0.16359936274394066,1.2082612809693014,4.32469851413683,4.32469851413683,4.32469851413683,14.598020405365745
71,1429.4921435722283,1046.7354515446825,429.3754534335497,482.42400931254684,849.9444444444445,0.16359936274394066,1.2082612809693014,4.540933439843672,4.540933439843671,4.540933439843672,15.037131882890634
72,1429.4921435722283,914.6903116089111,436.9582878415405,493.62273985242336,837.8888888888889,0.16359936274394066,1.2082612809693014,4.767980111835856,4.767980111835855,4.767980111835856,15.476243360415523
73,1429.4921435722283,870.9081975523297,436.2916953244913,447.617367755601,835.8888888888889,0.16359936274394066,1.2082612809693014,5.00637911742765,5.00637911742765,5.00637911742765,15.915354837940413
74,1429.5171227006208,957.9389598178509,376.6640159861713,455.9974819985955,835.6111111111111,0.16359936274394066,1.2082612809693014,5.256698073299033,5.256698073299034,5.256698073299033,16.354466315465302
75,1429.4921435722283,799.9303493818784,431.07669363940954,446.2749594151804,806.0555555555555,0.16359936274394066,1.2082612809693014,5.519532976963983,5.519532976963983,5.519532976963983,16.793577792990188
76,1429.4921435722283,786.0602233749244,402.4386414110067,397.89284285302364,741.0,0.16359936274394066,1.2082612809693014,5.7955096258121825,5.795509625812182,5.7955096258121825,17.232689270515078
77,1429.735910664234,581.2162711910204,373.312874146399,391.93348721711277,717.1111111111111,0.16359936274394066,1.2082612809693014,6.085285107102793,6.085285107102792,6.085285107102793,17.671800748039967
78,1429.5171227006208,812.3191806327247,356.25086667298393,359.08410566257743,678.4444444444445,0.16359936274394066,1.2082612809693014,6.389549362457932,6.389549362457933,6.389549362457932,18.110912225564856
79,1429.4921435722283,870.4995671629052,429.74569798181153,438.7917724167453,764.1666666666666,0.16359936274394066,1.2082612809693014,6.709026830580828,6.709026830580827,6.709026830580828,18.550023703089742
80,1429.4921435722283,755.3452139814823,335.77462646793686,380.6270822500431,699.6111111111111,0.16359936274394066,1.2082612809693014,7.044478172109869,7.044478172109869,7.044478172109869,18.989135180614632
81,1429.4921435722283,893.1314703059904,380.16834676841114,414.5506798241651,770.0555555555555,0.16359936274394066,1.2082612809693014,7.396702080715364,7.396702080715364,7.396702080715364,19.42824665813952
82,1429.4921435722283,1168.8120884196726,320.78177304113495,457.03442300667274,798.1666666666666,0.16359936274394066,1.2082612809693014,7.766537184751133,7.766537184751131,7.766537184751133,19.86735813566441
83,1429.4921435722283,957.4113102666047,323.96600443122907,394.1278420421871,715.5,0.16359936274394066,1.2082612809693014,8.154864043988692,8.154864043988693,8.154864043988692,20.3064696131893
84,1429.4921435722283,569.8536089652898,327.10617727770887,359.03437927024953,654.8333333333334,0.16359936274394066,1.2082612809693014,8.562607246188128,8.562607246188128,8.562607246188128,20.74558109071419
85,1429.4921435722283,585.6249648597596,362.45992545880466,369.84700535252534,691.4444444444445,0.16359936274394066,1.2082612809693014,8.990737608497534,8.990737608497534,8.990737608497534,21.18469256823908
86,1429.4921435722283,586.5038983451889,319.1341349934847,332.0249431715812,605.9444444444445,0.16359936274394066,1.2082612809693014,9.440274488922409,9.44027448892241,9.440274488922409,21.623804045763965
87,1429.4921435722283,622.1673420215267,303.2509950400209,317.0308531739198,573.2222222222222,0.16359936274394066,1.2082612809693014,9.91228821336853,9.912288213368528,9.91228821336853,22.06291552328885
88,1429.5171227006208,541.9700583520715,318.7012899910168,322.5655789880305,584.1111111111111,0.16359936274394066,1.2082612809693014,10.407902624036959,10.407902624036959,10.407902624036959,22.502027000813744
89,1429.5171227006208,655.2967894271375,285.05045306066245,328.49546104118986,606.6666666666666,0.16359936274394066,1.2082612809693014,10.928297755238809,10.928297755238809,10.928297755238809,22.941138478338633
90,1429.5171227006208,623.6772062199582,328.4368986396188,362.3787892170591,680.4444444444445,0.16359936274394066,1.2082612809693014,11.47471264300075,11.47471264300075,11.47471264300075,23.38024995586352
91,1429.5171227006208,644.6328632492457,335.67385014096726,356.69568205991726,634.1666666666666,0.16359936274394066,1.2082612809693014,12.04844827515079,12.04844827515079,12.04844827515079,23.81936143338841
92,1429.4921435722283,452.82297917391276,281.6312234047416,286.0680196484857,542.5,0.16359936274394066,1.2082612809693014,12.650870688908332,12.65087068890833,12.650870688908332,24.2584729109133
93,1429.4921435722283,637.6195486269002,336.630178247907,361.48916220345313,663.8888888888889,0.16359936274394066,1.2082612809693014,13.28341422335375,13.283414223353748,13.28341422335375,24.69758438843819
94,1429.4921435722283,1008.4340269111688,254.93809083514722,331.2746717437959,599.1666666666666,0.16359936274394066,1.2082612809693014,13.94758493452144,13.947584934521442,13.94758493452144,25.13669586596308
95,1429.4921435722283,946.2012459783308,363.7190497643895,376.58899941836233,703.1666666666666,0.16359936274394066,1.2082612809693014,14.644964181247515,14.644964181247515,14.644964181247515,25.57580734348797
96,1429.4921435722283,818.6576969261741,309.933558742479,342.1351094709314,607.2222222222222,0.16359936274394066,1.2082612809693014,15.377212390309893,15.377212390309893,15.377212390309893,26.01491882101286
97,1429.5171227006208,802.8803035172422,254.78542316182472,352.13676142760926,604.7777777777778,0.16359936274394066,1.2082612809693014,16.14607300982539,16.14607300982539,16.14607300982539,26.45403029853775
98,1429.4921435722283,536.8323083673763,271.53160181797733,283.47616580852883,521.2222222222222,0.16359936274394066,1.2082612809693014,16.95337666031666,16.95337666031666,16.95337666031666,26.893141776062635
99,1429.4921435722283,682.67478365097,328.49391286525395,353.8949924695398,626.3333333333334,0.16359936274394066,1.2082612809693014,17.8010454933325,17.8010454933325,17.8010454933325,27.332253253587528
100,1429.4921435722283,951.1452362241403,339.5618656571148,399.8870998245647,736.4444444444445,0.16359936274394066,1.2082612809693014,18.691097767999125,18.691097767999125,18.691097767999125,27.771364731112413
101,1429.5171227006208,795.7039792872505,221.25877021755514,291.21852948722545,507.8888888888889,0.16359936274394066,1.2082612809693014,19.625652656399087,19.625652656399087,19.625652656399087,28.210476208637306
102,1429.4921435722283,886.12783970128,273.9147844394787,302.87972703652264,542.3333333333334,0.16359936274394066,1.2082612809693014,20.60693528921904,20.60693528921904,20.60693528921904,28.649587686162192
103,1429.5171227006208,414.46002040008216,234.53583914430067,262.688008209262,517.5555555555555,0.16359936274394066,1.2082612809693014,21.637282053679996,21.637282053679996,21.637282053679996,29.08869916368708
104,1429.5171227006208,734.7808274949987,253.67042598236992,294.0608322044625,548.2222222222222,0.16359936274394066,1.2082612809693014,22.719146156364,22.719146156363998,22.719146156364,29.52781064121197
105,1429.5171227006208,415.563032513245,175.83063198329808,223.4004023340249,429.55555555555554,0.16359936274394066,1.2082612809693014,23.855103464182207,23.855103464182207,23.855103464182207,29.966922118736864
106,1429.5171227006208,857.3015991621032,312.83640516834,344.6925370112124,623.2777777777778,0.16359936274394066,1.2082612809693014,25.047858637391318,25.04785863739132,25.047858637391318,30.40603359626175
107,1429.5171227006208,480.14835637160604,209.90982144883293,225.22771835636232,403.27777777777777,0.16359936274394066,1.2082612809693014,26.30025156926089,26.30025156926089,26.30025156926089,30.84514507378664
108,1429.5171227006208,591.7634861909257,228.3214912260671,270.0976216573739,480.6111111111111,0.16359936274394066,1.2082612809693014,27.615264147723938,27.615264147723938,27.615264147723938,31.28425655131153
109,1429.5171227006208,1022.8827925908404,206.63912560279758,307.0131392698984,574.0555555555555,0.16359936274394066,1.2082612809693014,28.99602735511014,28.996027355110137,28.99602735511014,31.723368028836422
110,1429.4921435722283,531.9718537646388,212.50310442370568,260.98891565101394,470.94444444444446,0.16359936274394066,1.2082612809693014,30.445828722865652,30.44582872286565,30.445828722865652,32.16247950636131
111,1429.4921435722283,600.8559622302735,246.69167887124814,264.93243496593044,498.22222222222223,0.16359936274394066,1.2082612809693014,31.96812015900894,31.96812015900894,31.96812015900894,32.6015909838862
112,1429.5171227006208,934.3218731323324,224.54780464499305,292.03945044951365,554.8888888888889,0.16359936274394066,1.2082612809693014,33.56652616695939,33.56652616695939,33.56652616695939,33.04070246141109
113,1429.4921435722283,913.8908949421271,237.07939233225193,289.25845937744737,556.1111111111111,0.16359936274394066,1.2082612809693014,35.24485247530737,35.24485247530737,35.24485247530737,33.479813938935976
114,1429.5171227006208,626.6754699743716,176.99076386634897,223.51896342574415,423.3333333333333,0.16359936274394066,1.2082612809693014,37.00709509907274,37.007095099072735,37.00709509907274,33.918925416460866
115,1429.4921435722283,657.2413292246234,281.2218188887738,292.0819161446938,526.6111111111111,0.16359936274394066,1.2082612809693014,38.857449854026385,38.857449854026385,38.857449854026385,34.358036893985755
116,1429.4924082391476,657.8728613919341,278.8053845266895,284.57336979081515,521.2222222222222,0.16359936274394066,1.2082612809693014,40.80032234672771,40.80032234672771,40.80032234672771,34.797148371510644
117,1429.4921435722283,693.6151102105803,213.48653644137363,257.6076149894653,464.44444444444446,0.16359936274394066,1.2082612809693014,42.840338464064104,42.840338464064104,42.840338464064104,35.236259849035534
118,1429.4921435722283,325.79508823792526,166.42177455836259,191.48489823897924,347.5,0.16359936274394066,1.2082612809693014,44.98235538726731,44.98235538726731,44.98235538726731,35.67537132656042
119,1429.5171227006208,484.97164594544114,215.07133635381504,248.3637432792451,502.8333333333333,0.16359936274394066,1.2082612809693014,47.231473156630685,47.23147315663068,47.231473156630685,36.11448280408531
120,1429.4921435722283,596.299318978579,211.72289457920724,273.3538420258437,534.3888888888889,0.16359936274394066,1.2082612809693014,49.59304681446223,49.593046814462234,49.59304681446223,36.5535942816102
121,1429.5171227006208,845.4725844520271,178.19175560603395,256.3939600837459,509.8333333333333,0.16359936274394066,1.2082612809693014,52.07269915518535,52.07269915518533,52.07269915518535,36.99270575913509
122,1429.5171227006208,598.6830603380573,199.5605429861285,241.2902822894294,464.8333333333333,0.16359936274394066,1.2082612809693014,54.67633411294462,54.67633411294462,54.67633411294462,37.43181723665998
123,1429.4921435722283,971.6178216096031,192.24529697506802,292.441109821622,550.3888888888889,0.16359936274394066,1.2082612809693014,57.410150818591866,57.41015081859187,57.410150818591866,37.87092871418487
124,1429.492313734981,499.53152040887545,196.4526675801414,223.89354500101373,431.77777777777777,0.16359936274394066,1.2082612809693014,60.28065835952147,60.28065835952147,60.28065835952147,38.31004019170976
125,1429.5171227006208,426.8677961045622,167.38946743359995,212.24511972112708,408.94444444444446,0.16359936274394066,1.2082612809693014,63.29469127749755,63.29469127749756,63.29469127749755,38.74915166923465
126,1429.5171227006208,785.246835657581,160.75316519367874,250.72394517215162,468.1111111111111,0.16359936274394066,1.2082612809693014,66.45942584137244,66.45942584137244,66.45942584137244,39.18826314675954
127,1429.5171227006208,344.9812261378428,147.65266412707862,181.65791721989524,339.77777777777777,0.16359936274394066,1.2082612809693014,69.78239713344107,69.78239713344107,69.78239713344107,39.62737462428443
128,1429.5171227006208,474.59805265208405,206.36000141069496,225.1142668630365,424.22222222222223,0.16359936274394066,1.2082612809693014,73.27151699011314,73.27151699011314,73.27151699011314,40.06648610180932
129,1429.5171227006208,265.39691275099284,158.26347957999292,164.6699469225286,322.6666666666667,0.16359936274394066,1.2082612809693014,76.9350928396188,76.9350928396188,76.9350928396188,40.50559757933421
130,1429.4921435722283,631.1649349170661,192.39130258783433,218.6863731234123,453.94444444444446,0.16359936274394066,1.2082612809693014,80.78184748159975,80.78184748159975,80.78184748159975,40.9447090568591
131,1429.4921435722283,536.9487842474496,179.67784681868363,230.14806767836748,472.3888888888889,0.16359936274394066,1.2082612809693014,84.82093985567975,84.82093985567975,84.82093985567975,41.383820534383986
132,1429.5171227006208,393.437469830054,144.71749138927362,193.7635075329257,416.3888888888889,0.16359936274394066,1.2082612809693014,89.06198684846376,89.06198684846377,89.06198684846376,41.822932011908875
133,1429.5171227006208,269.33725230686764,136.37997707025187,158.7514256705585,300.0,0.16359936274394066,1.2082612809693014,93.51508619088696,93.51508619088696,93.51508619088696,42.262043489433765
134,1429.5171227006208,595.8622591475697,131.5910916992451,196.13386168419072,396.8333333333333,0.16359936274394066,1.2082612809693014,98.19084050043134,98.19084050043135,98.19084050043134,42.701154966958654
135,1429.5171227006208,324.09817579268315,165.7223551397296,178.8689212531022,345.1111111111111,0.16359936274394066,1.2082612809693014,103.10038252545291,103.10038252545291,103.10038252545291,43.140266444483544
136,1429.4921435722283,830.6075497158877,184.486138936053,244.82719519052569,486.55555555555554,0.16359936274394066,1.2082612809693014,108.25540165172558,108.25540165172559,108.25540165172558,43.57937792200843
137,1429.5171227006208,290.9616720433262,134.8602656257601,154.0031250434791,340.77777777777777,0.16359936274394066,1.2082612809693014,113.66817173431187,113.66817173431185,113.66817173431187,44.01848939953332
138,1429.4921435722283,592.8238970530801,149.84533784395015,191.66303896630592,411.3333333333333,0.16359936274394066,1.2082612809693014,119.35158032102748,119.35158032102751,119.35158032102748,44.45760087705821
139,1429.4921435722283,318.8150342668674,123.04150026035707,159.42570268584825,330.8888888888889,0.16359936274394066,1.2082612809693014,125.31915933707887,125.31915933707887,125.31915933707887,44.8967123545831
140,1429.4921435722283,451.56066322826126,136.46947310117386,163.37700824635328,384.44444444444446,0.16359936274394066,1.2082612809693014,131.58511730393283,131.58511730393283,131.58511730393283,45.33582383210799
141,1429.5171227006208,500.70337635082683,145.49525762477703,174.09549188595733,401.8333333333333,0.16359936274394066,1.2082612809693014,138.1643731691295,138.1643731691295,138.1643731691295,45.77493530963288
142,1429.4921435722283,326.6156977774039,124.59041040979994,143.61982426281463,294.5,0.16359936274394066,1.2082612809693014,145.072591827586,145.07259182758597,145.072591827586,46.21404678715777
143,1429.4921435722283,431.97458440441784,117.6205493192131,149.5234384033923,302.8333333333333,0.16359936274394066,1.2082612809693014,152.32622141896533,152.32622141896533,152.32622141896533,46.65315826468266
144,1429.5171227006208,384.8222325469304,139.8309828439638,170.81023689874476,369.1666666666667,0.16359936274394066,1.2082612809693014,159.94253248991362,159.94253248991365,159.94253248991362,47.09226974220755
145,1429.4921435722283,341.39187435329995,122.77547393624604,141.47382779970272,316.27777777777777,0.16359936274394066,1.2082612809693014,167.93965911440932,167.93965911440932,167.93965911440932,47.53138121973244
146,1429.4921435722283,318.4355350228086,132.73212357046194,150.43942544650332,355.05555555555554,0.16359936274394066,1.2082612809693014,176.3366420701298,176.33664207012978,176.3366420701298,47.97049269725733
147,1429.4921435722283,316.9492539881894,119.98245794518387,148.28404838600295,347.44444444444446,0.16359936274394066,1.2082612809693014,185.15347417363634,185.15347417363634,185.15347417363634,48.40960417478222
148,1429.4921435722283,205.3139967339397,118.80741611291941,124.16319596666007,271.27777777777777,0.16359936274394066,1.2082612809693014,194.41114788231818,194.41114788231815,194.41114788231818,48.848715652307106
149,1429.5171227006208,369.4565478548292,110.93277776597117,144.0309307381185,305.27777777777777,0.16359936274394066,1.2082612809693014,204.13170527643413,204.13170527643413,204.13170527643413,49.287827129831996
150,1429.4921435722283,229.02051126130854,118.96181854775064,132.1484666188141,367.1111111111111,0.16359936274394066,1.2082612809693014,214.33829054025585,214.33829054025588,214.33829054025585,49.726938607356885
151,1429.4921435722283,153.80037129793698,101.52508223843347,107.8407827606157,214.44444444444446,0.16359936274394066,1.2082612809693014,225.0552050672687,225.05520506726867,225.0552050672687,50.166050084881775
152,1429.5171227006208,328.31210076953425,107.92130174482958,136.75967137847965,333.5,0.16359936274394066,1.2082612809693014,236.30796532063218,236.30796532063218,236.30796532063218,50.605161562406664
153,1429.5171227006208,158.71171821150963,111.18905121974105,110.7074783966955,276.05555555555554,0.16359936274394066,1.2082612809693014,248.1233635866638,248.1233635866638,248.1233635866638,51.044273039931554
154,1429.5171227006208,270.0795263187224,106.72425509536106,128.72667020135705,293.5,0.16359936274394066,1.2082612809693014,260.52953176599704,260.52953176599704,260.52953176599704,51.48338451745644
155,1429.5171227006208,178.63249721589787,104.51937775016741,115.47995786969835,277.8333333333333,0.16359936274394066,1.2082612809693014,273.5560083542969,273.5560083542969,273.5560083542969,51.92249599498133
156,1429.5171227006208,367.21180541913384,101.09929971742218,119.6815716102948,303.77777777777777,0.16359936274394066,1.2082612809693014,287.23380877201186,287.23380877201186,287.23380877201186,52.36160747250622
157,1429.4921435722283,264.69654930722595,110.47982932149878,117.66249424840728,264.8333333333333,0.16359936274394066,1.2082612809693014,301.59549921061245,301.59549921061245,301.59549921061245,52.80071895003111
158,1429.4921435722283,175.28553106592693,107.27687209131064,111.05977693036645,312.72222222222223,0.16359936274394066,1.2082612809693014,316.67527417114314,316.67527417114314,316.67527417114314,53.239830427556
159,1429.4921435722283,162.57289991770617,111.97851247319784,114.66013176495547,249.33333333333334,0.16359936274394066,1.2082612809693014,332.5090378797004,332.5090378797004,332.5090378797004,53.67894190508089
160,1429.4921435722283,200.26402330111546,96.12195150392316,102.76731990096393,231.22222222222223,0.16359936274394066,1.2082612809693014,349.1344897736854,349.1344897736854,349.1344897736854,54.11805338260578
161,1429.5171227006208,183.32664923753424,101.20289691701271,109.07231890148142,240.83333333333334,0.16359936274394066,1.2082612809693014,366.59121426236976,366.59121426236976,366.59121426236976,54.55716486013067
162,1429.5171227006208,142.41351256943088,85.09497146541571,89.54624825259455,196.16666666666666,0.16359936274394066,1.2082612809693014,384.92077497548826,384.92077497548826,384.92077497548826,54.99627633765556
163,1429.4921435722283,189.67574888541156,98.4460677621772,105.25960724262916,257.77777777777777,0.16359936274394066,1.2082612809693014,404.16681372426274,404.16681372426274,404.16681372426274,55.43538781518045
164,1429.4921435722283,237.69836777904067,94.00508258297174,98.55494220425888,260.44444444444446,0.16359936274394066,1.2082612809693014,424.37515441047594,424.37515441047606,424.37515441047594,55.87449929270534
165,1429.5171227006208,197.31999215233742,94.64793153018918,101.39482428024267,249.0,0.16359936274394066,1.2082612809693014,445.59391213099985,445.59391213099985,445.59391213099985,56.31361077023023
166,1429.5171227006208,153.60922717490632,91.2207403671018,99.38746520877761,250.61111111111111,0.16359936274394066,1.2082612809693014,467.87360773754995,467.87360773754983,467.87360773754995,56.752722247755116
167,1429.4921435722283,142.8517151205802,97.03936407621504,97.24539906572585,238.83333333333334,0.16359936274394066,1.2082612809693014,491.26728812442747,491.26728812442747,491.26728812442747,57.191833725280006
168,1429.4921435722283,135.33509285919496,90.01903234160235,92.22950224151167,228.33333333333334,0.16359936274394066,1.2082612809693014,515.830652530649,515.830652530649,515.830652530649,57.630945202804895
169,1429.5171227006208,141.56187858435646,86.29036304305342,87.11575524299644,203.66666666666666,0.16359936274394066,1.2082612809693014,541.6221851571814,541.6221851571814,541.6221851571814,58.070056680329785
170,1429.5171227006208,132.8490296363843,81.34863029672978,87.79026193843752,216.77777777777777,0.16359936274394066,1.2082612809693014,568.7032944150407,568.7032944150407,568.7032944150407,58.509168157854674
171,1429.492563906544,239.71516342974843,87.80734647877605,97.79450810417522,239.72222222222223,0.16359936274394066,1.2082612809693014,597.1384591357928,597.1384591357928,597.1384591357928,58.94827963537956
172,1429.4921435722283,113.89065920252256,85.27599210735684,84.71021075378647,235.33333333333334,0.16359936274394066,1.2082612809693014,626.9953820925825,626.9953820925825,626.9953820925825,59.38739111290445
173,1429.4921435722283,121.39520345052277,72.78593253257608,81.5332487977199,209.33333333333334,0.16359936274394066,1.2082612809693014,658.3451511972117,658.3451511972117,658.3451511972117,59.82650259042934
174,1429.4921435722283,152.53115102788794,75.3358813803271,84.45762458591423,226.77777777777777,0.16359936274394066,1.2082612809693014,691.2624087570724,691.2624087570723,691.2624087570724,60.26561406795423
175,1429.4921435722283,106.90115108344334,74.84590236376661,80.2133372634968,197.66666666666666,0.16359936274394066,1.2082612809693014,725.8255291949262,725.8255291949262,725.8255291949262,60.70472554547912
176,1429.5171227006208,105.1053816343152,80.85988449088777,80.84571811902697,194.88888888888889,0.16359936274394066,1.2082612809693014,762.1168056546726,762.1168056546726,762.1168056546726,61.14383702300401
177,1429.5171227006208,251.96952518499242,72.29380495418066,82.3993897374682,268.6666666666667,0.16359936274394066,1.2082612809693014,800.2226459374064,800.2226459374062,800.2226459374064,61.5829485005289
178,1429.4921435722283,120.77700085716597,73.25407409607705,77.56630243017989,247.38888888888889,0.16359936274394066,1.2082612809693014,840.2337782342768,840.2337782342767,840.2337782342768,62.02205997805379
179,1429.5171227006208,124.11579910548684,70.16409078002815,75.23765281676839,199.5,0.16359936274394066,1.2082612809693014,882.2454671459908,882.2454671459908,882.2454671459908,62.46117145557868
180,1429.4921435722283,89.97998906665849,69.8044493798693,69.99506636964516,221.83333333333334,0.16359936274394066,1.2082612809693014,926.3577405032904,926.3577405032904,926.3577405032904,62.90028293310357
181,1429.4921435722283,213.1031113453181,66.82895007832673,78.9486908299585,263.72222222222223,0.16359936274394066,1.2082612809693014,972.6756275284552,972.6756275284552,972.6756275284552,63.33939441062846
182,1429.4921435722283,170.58486547265537,70.44956985011976,76.40969030641122,198.83333333333334,0.16359936274394066,1.2082612809693014,1021.3094089048781,1021.3094089048781,1021.3094089048781,63.77850588815335
183,1429.5171227006208,88.89212339600827,67.09892784261771,66.72867010221687,187.44444444444446,0.16359936274394066,1.2082612809693014,1072.374879350122,1072.374879350122,1072.374879350122,64.21761736567824
184,1429.5171227006208,125.52539414030505,55.32791326457782,62.78688967865412,258.05555555555554,0.16359936274394066,1.2082612809693014,1125.9936233176284,1125.9936233176284,1125.9936233176284,64.65672884320313
185,1429.5171227006208,112.00933532224829,67.12339775543344,70.21668518725126,198.72222222222223,0.16359936274394066,1.2082612809693014,1182.29330448351,1182.29330448351,1182.29330448351,65.09584032072802
186,1429.5171227006208,105.39776356606336,61.33467910435604,68.93689080441717,189.88888888888889,0.16359936274394066,1.2082612809693014,1241.4079697076857,1241.4079697076857,1241.4079697076857,65.5349517982529
187,1429.5171227006208,85.2943249926812,65.66427943477758,62.599793298980394,194.38888888888889,0.16359936274394066,1.2082612809693014,1303.4783681930703,1303.4783681930703,1303.4783681930703,65.9740632757778
188,1429.5171227006208,96.79389201450263,64.62083063991582,65.34993599777569,203.38888888888889,0.16359936274394066,1.2082612809693014,1368.652286602724,1368.6522866027242,1368.652286602724,66.41317475330268
189,1429.4921435722283,119.0175909804947,57.117547236652356,60.94631709833974,181.55555555555554,0.16359936274394066,1.2082612809693014,1437.0849009328604,1437.0849009328604,1437.0849009328604,66.85228623082757
190,1429.4921435722283,112.3381053091361,58.02298239918998,61.75080980940886,175.61111111111111,0.16359936274394066,1.2082612809693014,1508.9391459795036,1508.9391459795038,1508.9391459795036,67.29139770835246
191,1429.4921435722283,84.13648100617932,61.62206397295674,60.254428134402765,179.0,0.16359936274394066,1.2082612809693014,1584.386103278479,1584.386103278479,1584.386103278479,67.73050918587735
192,1429.4921435722283,89.65639545808305,53.95838767571898,56.31730420280488,204.05555555555554,0.16359936274394066,1.2082612809693014,1663.6054084424031,1663.6054084424031,1663.6054084424031,68.16962066340224
193,1429.5171227006208,87.5691125646146,60.50515227143153,58.72408566338644,192.27777777777777,0.16359936274394066,1.2082612809693014,1746.7856788645236,1746.7856788645238,1746.7856788645236,68.60873214092713
194,1429.5171227006208,79.31905017492396,50.33398307122359,53.25000318625506,176.16666666666666,0.16359936274394066,1.2082612809693014,1834.12496280775,1834.1249628077499,1834.12496280775,69.04784361845202
195,1429.5171227006208,122.84070464259446,51.011531022064275,55.72688310525022,185.5,0.16359936274394066,1.2082612809693014,1925.8312109481378,1925.831210948138,1925.8312109481378,69.48695509597691
196,1429.4921435722283,100.28558173284569,50.952843327605756,53.49673807977037,198.72222222222223,0.16359936274394066,1.2082612809693014,2022.122771495545,2022.1227714955453,2022.122771495545,69.9260665735018
197,1429.5171227006208,105.77813128946134,49.49354036979191,53.6306244130787,184.0,0.16359936274394066,1.2082612809693014,2123.228910070323,2123.2289100703233,2123.228910070323,70.36517805102669
198,1429.4921435722283,110.14971527660376,51.00422100638227,52.94499265168871,182.66666666666666,0.16359936274394066,1.2082612809693014,2229.3903555738393,2229.3903555738393,2229.3903555738393,70.80428952855158
199,1429.4921435722283,87.70262667644973,34.99633737032143,43.430889669082646,177.72222222222223,0.16359936274394066,1.2082612809693014,2340.8598733525314,2340.859873352532,2340.8598733525314,71.24340100607647
200,1429.4921435722283,73.09826570092314,39.316638790481264,41.2125534684033,194.83333333333334,0.16359936274394066,1.2082612809693014,2457.9028670201587,2457.9028670201587,2457.9028670201587,71.68251248360136
201,1429.5171227006208,90.49257531051974,41.82677125608302,46.39291909442594,189.38888888888889,0.16359936274394066,1.2082612809693014,2580.798010371167,2580.798010371167,2580.798010371167,72.12162396112625
202,1429.5171227006208,83.02612812095981,44.79393825371655,47.166134454053115,195.72222222222223,0.16359936274394066,1.2082612809693014,2709.8379108897257,2709.8379108897257,2709.8379108897257,72.56073543865114
203,1429.5171227006208,74.57019499819295,36.28072757233598,38.0632567021793,176.44444444444446,0.16359936274394066,1.2082612809693014,2845.3298064342125,2845.3298064342125,2845.3298064342125,72.99984691617603
204,1429.5171227006208,62.5503118895129,41.623244049306905,39.648045088742165,179.83333333333334,0.16359936274394066,1.2082612809693014,2987.5962967559235,2987.596296755924,2987.5962967559235,73.43895839370091
205,1429.4921435722283,62.73591733696893,36.101146184555994,36.41243288611254,177.72222222222223,0.16359936274394066,1.2082612809693014,3136.97611159372,3136.97611159372,3136.97611159372,73.8780698712258
206,1429.4921435722283,64.74454128922252,37.79715920313789,38.8759918083341,184.61111111111111,0.16359936274394066,1.2082612809693014,3293.8249171734064,3293.8249171734064,3293.8249171734064,74.3171813487507
207,1429.4921435722283,90.70914268685242,30.593071495610012,35.92500897821705,181.83333333333334,0.16359936274394066,1.2082612809693014,3458.5161630320777,3458.516163032077,3458.5161630320777,74.75629282627558
208,1429.5171227006208,81.39091187396396,43.52723068384655,41.65052240424593,222.88888888888889,0.16359936274394066,1.2082612809693014,3631.4419711836817,3631.4419711836817,3631.4419711836817,75.19540430380047
209,1429.4921435722283,52.02986542070032,24.2924818862317,27.980064784746993,191.16666666666666,0.16359936274394066,1.2082612809693014,3813.0140697428665,3813.014069742866,3813.0140697428665,75.63451578132536
210,1429.4921435722283,66.74206582321406,30.43497567412156,33.582242372887634,200.11111111111111,0.16359936274394066,1.2082612809693014,4003.6647732300107,4003.6647732300107,4003.6647732300107,76.07362725885025
211,1429.4921435722283,39.305415848251975,25.91177667220028,26.006538467855396,178.72222222222223,0.16359936274394066,1.2082612809693014,4203.848011891511,4203.848011891511,4203.848011891511,76.51273873637514
212,1429.5171227006208,56.97144742520611,25.700239804237945,29.711255456399563,185.05555555555554,0.16359936274394066,1.2082612809693014,4414.040412486088,4414.040412486088,4414.040412486088,76.95185021390003
213,1429.5171227006208,49.56387656027944,23.007092441176585,27.39023339133951,175.94444444444446,0.16359936274394066,1.2082612809693014,4634.742433110393,4634.742433110393,4634.742433110393,77.39096169142492
214,1429.5171227006208,71.06063400662063,25.241242849986676,31.008276864565737,176.0,0.16359936274394066,1.2082612809693014,4866.479554765913,4866.479554765913,4866.479554765913,77.83007316894981
215,1429.4921435722283,58.72726863489659,23.953042307773586,25.475738443297008,185.88888888888889,0.16359936274394066,1.2082612809693014,5109.80353250421,5109.80353250421,5109.80353250421,78.2691846464747
216,1429.5171227006208,69.64802333306324,24.250905507143564,26.034554432709108,187.44444444444446,0.16359936274394066,1.2082612809693014,5365.293709129422,5365.293709129422,5365.293709129422,78.70829612399959
217,1429.4921435722283,42.01290082881183,16.276468075456023,20.23236714462422,182.88888888888889,0.16359936274394066,1.2082612809693014,5633.558394585893,5633.558394585894,5633.558394585893,79.14740760152448
218,1429.4921435722283,74.06885810567779,21.99516272445345,25.425804218607475,185.44444444444446,0.16359936274394066,1.2082612809693014,5915.236314315189,5915.236314315189,5915.236314315189,79.58651907904937
219,1429.5171227006208,40.160456953286214,16.638252076944834,21.282246765466297,168.5,0.16359936274394066,1.2082612809693014,6210.998130030949,6210.99813003095,6210.998130030949,80.02563055657426
220,1429.4921435722283,43.88085740401011,17.872686127452667,19.380595682560667,175.55555555555554,0.16359936274394066,1.2082612809693014,6521.5480365324975,6521.5480365324975,6521.5480365324975,80.46474203409915
221,1429.4921435722283,32.47626752214425,14.365726968915983,14.707999291882398,183.22222222222223,0.16359936274394066,1.2082612809693014,6847.625438359124,6847.625438359123,6847.625438359124,80.90385351162404
222,1429.4921435722283,28.42012463792318,13.557573563706175,15.63399840736421,198.83333333333334,0.16359936274394066,1.2082612809693014,7190.006710277081,7190.006710277083,7190.006710277081,81.34296498914892
223,1429.4921435722283,38.026843400005674,15.616367414100347,16.338326988163914,170.33333333333334,0.16359936274394066,1.2082612809693014,7549.507045790936,7549.507045790936,7549.507045790936,81.78207646667381
224,1429.4921435722283,35.30425217368522,12.275010030928076,11.824291950221792,178.94444444444446,0.16359936274394066,1.2082612809693014,7926.982398080484,7926.982398080484,7926.982398080484,82.2211879441987
225,1429.5171227006208,49.862860960831654,14.325120678638765,16.765978842362905,159.0,0.16359936274394066,1.2082612809693014,8323.33151798451,8323.33151798451,8323.33151798451,82.6602994217236
226,1429.4921435722283,32.09622188472753,10.532967623621625,13.023713832567772,164.38888888888889,0.16359936274394066,1.2082612809693014,8739.498093883736,8739.498093883738,8739.498093883736,83.09941089924848
227,1429.4921435722283,38.849626234134405,12.995525437924819,13.8911129285868,172.94444444444446,0.16359936274394066,1.2082612809693014,9176.472998577925,9176.472998577925,9176.472998577925,83.53852237677337
228,1429.4921435722283,38.827967080558366,10.953064976752598,14.142940700881022,182.44444444444446,0.16359936274394066,1.2082612809693014,9635.296648506823,9635.296648506823,9635.296648506823,83.97763385429826
229,1429.4921435722283,41.28942895170397,6.643271728052232,10.977316074619141,169.38888888888889,0.16359936274394066,1.2082612809693014,10117.061480932165,10117.061480932165,10117.061480932165,84.41674533182315
230,1429.4921435722283,22.235598119635554,8.864777635727158,10.030750797524549,185.11111111111111,0.16359936274394066,1.2082612809693014,10622.914554978775,10622.914554978777,10622.914554978775,84.85585680934804
231,1429.4921435722283,24.92446928263297,7.090457631252666,8.240199030752414,175.61111111111111,0.16359936274394066,1.2082612809693014,11154.060282727716,11154.060282727716,11154.060282727716,85.29496828687293
232,1429.5171227006208,24.504450470284453,4.132922089801163,7.021432575055335,179.44444444444446,0.16359936274394066,1.2082612809693014,11711.763296864105,11711.763296864105,11711.763296864105,85.73407976439782
233,1429.5171227006208,38.93702594499099,5.25584180702521,10.431815252998211,188.94444444444446,0.16359936274394066,1.2082612809693014,12297.35146170731,12297.35146170731,12297.35146170731,86.17319124192271
234,1429.4921435722283,24.465707802711876,5.840353070994432,7.63712756890553,204.77777777777777,0.16359936274394066,1.2082612809693014,12912.219034792679,12912.219034792679,12912.219034792679,86.6123027194476
235,1429.4921435722283,17.428243105260112,9.036984145869273,8.715681292992834,192.27777777777777,0.16359936274394066,1.2082612809693014,13557.829986532315,13557.829986532317,13557.829986532315,87.05141419697249
236,1429.4921435722283,25.791197914060593,5.870121704236272,7.0173772386836335,177.55555555555554,0.16359936274394066,1.2082612809693014,14235.721485858932,14235.72148585893,14235.721485858932,87.49052567449738
237,1429.4921435722283,22.988368385798353,3.651374363986813,6.103264172488486,180.38888888888889,0.16359936274394066,1.2082612809693014,14947.507560151882,14947.507560151882,14947.507560151882,87.92963715202227
238,1429.4921435722283,21.419647734788647,3.1133365829075643,5.069066345171453,178.61111111111111,0.16359936274394066,1.2082612809693014,15694.882938159479,15694.88293815948,15694.882938159479,88.36874862954716
239,1429.4921435722283,33.983910553516246,4.999427307821252,6.29342134668149,173.5,0.16359936274394066,1.2082612809693014,16479.627085067455,16479.627085067452,16479.627085067455,88.80786010707205
240,1429.4921435722283,29.16671685011481,4.485353576200135,7.396162652064169,168.55555555555554,0.16359936274394066,1.2082612809693014,17303.60843932083,17303.60843932083,17303.60843932083,89.24697158459693
241,1429.5171227006208,16.000350169224646,3.4388725425654183,4.75835500699506,177.44444444444446,0.16359936274394066,1.2082612809693014,18168.788861286874,18168.788861286874,18168.788861286874,89.68608306212182
242,1429.5171227006208,10.635131792417317,1.5034328066842888,3.0778023333179,172.44444444444446,0.16359936274394066,1.2082612809693014,19077.22830435122,19077.228304351218,19077.22830435122,90.12519453964671
243,1429.5171227006208,15.837508134664185,1.7457685029559677,3.494153483045054,173.16666666666666,0.16359936274394066,1.2082612809693014,20031.089719568783,20031.089719568783,20031.089719568783,90.5643060171716
244,1429.4921435722283,13.493882514016654,1.2988563571041185,2.9904498972501052,173.61111111111111,0.16359936274394066,1.2082612809693014,21032.64420554723,21032.64420554723,21032.64420554723,91.00341749469649
245,1429.4921435722283,16.159359994158343,0.2288187509954776,3.1266750928903764,184.77777777777777,0.16359936274394066,1.2082612809693014,22084.276415824592,22084.276415824595,22084.276415824592,91.44252897222138
246,1429.5171227006208,15.498594695572226,0.4713043095025953,1.5123605544114458,174.88888888888889,0.16359936274394066,1.2082612809693014,23188.490236615828,23188.490236615824,23188.490236615828,91.88164044974627
247,1429.4921435722283,19.990179881910986,1.3215690325629192,3.8078965696106826,192.22222222222223,0.16359936274394066,1.2082612809693014,24347.914748446623,24347.914748446623,24347.914748446623,92.32075192727116
248,1429.5171227006208,11.52673513836299,0.7597540862518365,1.8332329045628586,172.38888888888889,0.16359936274394066,1.2082612809693014,25565.310485868955,25565.31048586895,25565.310485868955,92.75986340479605
249,1429.4921435722283,6.086017436005321,0.3736771220073821,1.010617182128128,166.61111111111111,0.16359936274394066,1.2082612809693014,26843.576010162407,26843.57601016241,26843.576010162407,93.19897488232094
250,1429.4921435722283,9.82971916946487,0.6642831026304918,2.0992348871346023,179.33333333333334,0.16359936274394066,1.2082612809693014,28185.754810670533,28185.754810670533,28185.754810670533,93.63808635984583
251,1429.4921435722283,16.362042929680406,0.7005104558358591,2.706552313252091,168.33333333333334,0.16359936274394066,1.2082612809693014,29595.042551204064,29595.042551204064,29595.042551204064,94.07719783737072
252,1429.4921435722283,13.152741033506812,0.027127758842665745,1.45191884454867,183.72222222222223,0.16359936274394066,1.2082612809693014,31074.794678764272,31074.794678764276,31074.794678764272,94.51630931489561
253,1429.4921435722283,8.10861712093546,0.013574840227400024,0.6372879643030146,159.55555555555554,0.16359936274394066,1.2082612809693014,32628.53441270249,32628.534412702495,32628.53441270249,94.9554207924205
254,1429.4921435722283,1.0209805504243192,0.00536608288170589,0.18031113755608827,170.22222222222223,0.16359936274394066,1.2082612809693014,34259.96113333762,34259.96113333763,34259.96113333762,95.39453226994539
255,1429.5171227006208,12.655342784843702,0.004953088625352174,1.0767885645086333,176.11111111111111,0.16359936274394066,1.2082612809693014,35972.959190004505,35972.959190004505,35972.959190004505,95.83364374747028
256,1429.4921435722283,9.531412561598609,0.009842166509693766,0.9075795796397448,163.83333333333334,0.16359936274394066,1.2082612809693014,37771.607149504736,37771.607149504736,37771.607149504736,96.27275522499517
257,1429.4921435722283,0.6490497228478773,0.002234885788352645,0.0915761290326593,171.0,0.16359936274394066,1.2082612809693014,39660.18750697998,39660.18750697998,39660.18750697998,96.71186670252006
258,1429.5171227006208,27.708490276577265,0.04499680305283175,1.8957373003006015,187.05555555555554,0.16359936274394066,1.2082612809693014,41643.196882328986,41643.196882328986,41643.196882328986,97.15097818004494
259,1429.4921435722283,2.057007383728547,2.0964075927894473e-05,0.1480598765015009,163.33333333333334,0.16359936274394066,1.2082612809693014,43725.35672644545,43725.35672644544,43725.35672644545,97.59008965756983
260,1429.5171227006208,4.6138853196714535,0.0037613852031510944,0.5118637185071727,185.55555555555554,0.16359936274394066,1.2082612809693014,45911.62456276772,45911.62456276773,45911.62456276772,98.02920113509472
261,1429.4921435722283,0.9490060044190834,0.0009131817834550996,0.07635260214048246,185.27777777777777,0.16359936274394066,1.2082612809693014,48207.20579090611,48207.205790906104,48207.20579090611,98.46831261261961
262,1429.4921435722283,3.889685752162498,1.0302407246438452e-06,0.24901223116519558,165.11111111111111,0.16359936274394066,1.2082612809693014,50617.56608045143,50617.56608045143,50617.56608045143,98.9074240901445
263,1429.4921435722283,0.28642472552965903,2.856181439677719e-07,0.01754981566257223,183.72222222222223,0.16359936274394066,1.2082612809693014,53148.44438447401,53148.44438447401,53148.44438447401,99.34653556766939
264,1429.4921435722283,0.4475534143463805,0.0005879915999463939,0.06470516100089821,169.77777777777777,0.16359936274394066,1.2082612809693014,55805.86660369772,55805.866603697716,55805.86660369772,99.78564704519428
265,1429.4921435722283,1.6697254197740157,1.7170105146931991e-06,0.1319401042526844,171.66666666666666,0.16359936274394066,1.2082612809693014,58596.15993388261,58596.15993388261,58596.15993388261,100.22475852271917
266,1429.4921435722283,0.3760394195076945,2.008282880824383e-07,0.024854339777183227,167.77777777777777,0.16359936274394066,1.2082612809693014,61525.96793057676,61525.96793057675,61525.96793057676,100.66387000024406
267,1429.4921435722283,0.30481833462193286,1.0834258586428543e-07,0.024422532067286905,188.22222222222223,0.16359936274394066,1.2082612809693014,64602.2663271056,64602.26632710559,64602.2663271056,101.10298147776895
268,1429.4921435722283,0.16656789666895877,9.857547466573493e-09,0.011582472099595823,171.72222222222223,0.16359936274394066,1.2082612809693014,67832.3796434609,67832.3796434609,67832.3796434609,101.54209295529384
269,1429.4921435722283,0.0825705944716254,9.103170677036692e-15,0.005590398754828698,170.11111111111111,0.16359936274394066,1.2082612809693014,71223.99862563395,71223.99862563395,71223.99862563395,101.98120443281873
270,1429.4921435722283,0.14300895657069038,1.5097279320263995e-14,0.015107750738298021,181.27777777777777,0.16359936274394066,1.2082612809693014,74785.19855691565,74785.19855691564,74785.19855691565,102.42031591034362
271,1429.4921435722283,5.0797399869925,3.019845678700639e-08,0.3358932422160008,179.77777777777777,0.16359936274394066,1.2082612809693014,78524.45848476146,78524.45848476146,78524.45848476146,102.85942738786851
272,1429.5171227006208,0.19942826312857825,1.4253184917173723e-16,0.012333426498208601,175.27777777777777,0.16359936274394066,1.2082612809693014,82450.68140899955,82450.68140899955,82450.68140899955,103.2985388653934
273,1429.5171227006208,0.1849667061045924,7.296965765881428e-22,0.010470448354663297,180.61111111111111,0.16359936274394066,1.2082612809693014,86573.21547944953,86573.21547944953,86573.21547944953,103.73765034291829
274,1429.4921435722283,0.8833803815047805,8.357626024818888e-19,0.06161529109472619,167.66666666666666,0.16359936274394066,1.2082612809693014,90901.87625342201,90901.87625342201,90901.87625342201,104.17676182044318
275,1429.5171227006208,8.384492202385204,3.7868158405638474e-29,0.46580513841950594,173.66666666666666,0.16359936274394066,1.2082612809693014,95446.97006609314,95446.97006609314,95446.97006609314,104.61587329796807
276,1429.5171227006208,0.0003451082129815113,6.051103000057206e-14,2.2765747005171007e-05,172.05555555555554,0.16359936274394066,1.2082612809693014,100219.31856939782,100219.3185693978,100219.31856939782,105.05498477549295
277,1429.4921435722283,0.007458094351306791,4.653204186418993e-23,0.0005975411111528415,169.61111111111111,0.16359936274394066,1.2082612809693014,105230.28449786772,105230.2844978677,105230.28449786772,105.49409625301784
278,1429.5171227006208,0.00016999746643433695,2.687163646593829e-30,1.0560614822544239e-05,177.22222222222223,0.16359936274394066,1.2082612809693014,110491.79872276112,110491.79872276112,110491.79872276112,105.93320773054273
279,1429.4921435722283,0.06493855865154644,2.6956150849651845e-24,0.003867221209329089,184.66666666666666,0.16359936274394066,1.2082612809693014,116016.38865889919,116016.3886588992,116016.38865889919,106.37231920806762
280,1429.4921435722283,6.170761719304355e-12,5.002494693041324e-38,3.6019972798921067e-13,182.94444444444446,0.16359936274394066,1.2082612809693014,121817.20809184418,121817.20809184418,121817.20809184418,106.81143068559251
281,1429.4921435722283,2.595808419703541e-08,2.9815676739729853e-47,1.4686622466122198e-09,166.83333333333334,0.16359936274394066,1.2082612809693014,127908.0684964364,127908.06849643638,127908.0684964364,107.2505421631174
282,1429.4921435722283,6.164341061534194e-06,1.6747096847506176e-54,3.4246339230745526e-07,178.22222222222223,0.16359936274394066,1.2082612809693014,134303.47192125823,134303.47192125823,134303.47192125823,107.68965364064229
283,1429.4921435722283,0.21160015839586133,3.411373380952446e-26,0.011755775626038632,158.33333333333334,0.16359936274394066,1.2082612809693014,141018.6455173212,141018.6455173212,141018.6455173212,108.12876511816718
284,1429.5171227006208,1.7006347038623287e-06,1.7677562499128893e-33,9.479451585089725e-08,185.44444444444446,0.16359936274394066,1.2082612809693014,148069.57779318726,148069.57779318726,148069.57779318726,108.56787659569207
285,1429.5171227006208,1.1402958634465367e-12,6.919255212206537e-53,6.334977121293359e-14,172.22222222222223,0.16359936274394066,1.2082612809693014,155473.05668284665,155473.05668284665,155473.05668284665,109.00698807321696
286,1429.4921435722283,2.3175717934819394e-13,8.002767437929263e-82,1.287563056913578e-14,186.33333333333334,0.16359936274394066,1.2082612809693014,163246.709516989,163246.70951698904,163246.709516989,109.44609955074185
287,1429.4921435722283,5.578212428157578e-10,3.748703326616475e-40,3.099006904974957e-11,181.5,0.16359936274394066,1.2082612809693014,171409.0449928385,171409.0449928385,171409.0449928385,109.88521102826674
288,1429.4921435722283,7.2022357477609655e-06,2.878761911756935e-60,4.0012552891482465e-07,165.55555555555554,0.16359936274394066,1.2082612809693014,179979.49724248043,179979.49724248046,179979.49724248043,110.32432250579163
289,1429.4921435722283,1.792924452699969e-29,1.56020932191168e-100,9.960691403888717e-31,160.66666666666666,0.16359936274394066,1.2082612809693014,188978.47210460447,188978.47210460447,188978.47210460447,110.76343398331652
290,1429.5171227006208,2.2124088455820365e-10,1.3558211831300247e-98,1.229117533305409e-11,174.38888888888889,0.16359936274394066,1.2082612809693014,198427.39570983473,198427.39570983473,198427.39570983473,111.2025454608414
291,1429.5171227006208,0.021609214493050845,3.349933546636493e-102,0.0012005119185049434,167.11111111111111,0.16359936274394066,1.2082612809693014,208348.76549532652,208348.76549532654,208348.76549532652,111.6416569383663
292,1429.4921435722283,1.7065275381827628e-16,1.3877859626485038e-110,1.2864684277086967e-17,193.77777777777777,0.16359936274394066,1.2082612809693014,218766.20377009286,218766.2037700929,218766.20377009286,112.08076841589119
293,1429.5171227006208,1.5291827607348524e-06,1.9552250991190467e-59,8.495459782108419e-08,178.38888888888889,0.16359936274394066,1.2082612809693014,229704.51395859756,229704.51395859756,229704.51395859756,112.51987989341607
294,1429.5171227006208,3.498263191641172e-33,1.976961815657855e-131,1.9434795515728638e-34,185.27777777777777,0.16359936274394066,1.2082612809693014,241189.73965652747,241189.73965652747,241189.73965652747,112.95899137094096
295,1429.4921435722283,8.643490383762864e-07,2.604086263836826e-98,4.801941447691345e-08,172.11111111111111,0.16359936274394066,1.2082612809693014,253249.22663935387,253249.22663935387,253249.22663935387,113.39810284846585
296,1429.4921435722283,3.251798854087568e-31,3.0578245777941607e-233,1.8065549189375377e-32,176.27777777777777,0.16359936274394066,1.2082612809693014,265911.68797132163,265911.68797132163,265911.68797132163,113.83721432599074
297,1429.5171227006208,1.525370204647109e-22,1.3083324134140584e-174,8.474279346521444e-24,163.61111111111111,0.16359936274394066,1.2082612809693014,279207.27236988774,279207.27236988774,279207.27236988774,114.27632580351563
298,1429.4921435722283,5.826800793162934e-23,3.0823532562294085e-206,3.2371115517571856e-24,186.27777777777777,0.16359936274394066,1.2082612809693014,293167.63598838216,293167.63598838216,293167.63598838216,114.71543728104052
299,1429.4921435722283,8.809354067783259e-30,5.246963586851515e-236,4.894085644799184e-31,189.72222222222223,0.16359936274394066,1.2082612809693014,307826.01778780133,307826.01778780133,307826.01778780133,115.15454875856541
300,1429.4921435722283,1.9783464640136683e-24,5.703153825714426e-215,1.0990813688964824e-25,198.16666666666666,0.16359936274394066,1.2082612809693014,323217.31867719145,323217.31867719145,323217.31867719145,115.5936602360903
301,1429.4921435722283,1.5129866316419826e-15,1.088077680986806e-197,8.49410772817508e-17,184.0,0.16359936274394066,1.2082612809693014,339378.18461105105,339378.18461105105,339378.18461105105,116.03277171361519
302,1429.5171227006208,3.4690490106148986e-42,1.6981463178300502e-219,1.9273733960571553e-43,172.0,0.16359936274394066,1.2082612809693014,356347.09384160367,356347.0938416036,356347.09384160367,116.47188319114008
303,1429.5171227006208,3.2377310750368183e-18,2.0216046935983302e-203,1.7987394861315657e-19,180.33333333333334,0.16359936274394066,1.2082612809693014,374164.4485336839,374164.44853368396,374164.4485336839,116.91099466866497
304,1429.4921435722283,5.037891138785701e-22,4.0309775268260806e-263,2.798829656264825e-23,179.83333333333334,0.16359936274394066,1.2082612809693014,392872.6709603682,392872.6709603682,392872.6709603682,117.35010614618986
305,1429.4921435722283,1.9277461768834814e-16,0.0,1.0709700982686007e-17,168.22222222222223,0.16359936274394066,1.2082612809693014,412516.30450838665,412516.30450838665,412516.30450838665,117.78921762371475
306,1429.4921435722283,2.263253672237845e-37,0.0,1.2573631512432586e-38,173.88888888888889,0.16359936274394066,1.2082612809693014,433142.11973380606,433142.1197338061,433142.11973380606,118.22832910123964
307,1429.5171227006208,2.897288218713899e-55,0.0,1.6096073525563356e-56,174.55555555555554,0.16359936274394066,1.2082612809693014,454799.22572049644,454799.22572049644,454799.22572049644,118.66744057876453
308,1429.4921435722283,3.2076671189050276e-18,0.0,1.782037288280571e-19,185.27777777777777,0.16359936274394066,1.2082612809693014,477539.18700652133,477539.18700652133,477539.18700652133,119.10655205628942
309,1429.4921435722283,1.4297887727839322e-32,0.0,7.943270959910735e-34,177.5,0.16359936274394066,1.2082612809693014,501416.1463568475,501416.14635684754,501416.1463568475,119.5456635338143
310,1429.4921435722283,1.6089441497588948e-19,0.0,1.741642349684089e-20,184.55555555555554,0.16359936274394066,1.2082612809693014,526486.9536746899,526486.9536746899,526486.9536746899,119.9847750113392
311,1429.5171227006208,4.072394061139286e-95,0.0,2.262441145077381e-96,175.05555555555554,0.16359936274394066,1.2082612809693014,552811.3013584245,552811.3013584245,552811.3013584245,120.42388648886408
312,1429.4921435722283,4.47087892862363e-119,0.0,2.4838216270131278e-120,188.44444444444446,0.16359936274394066,1.2082612809693014,580451.8664263458,580451.8664263458,580451.8664263458,120.86299796638897
313,1429.5171227006208,6.995619438673725e-69,0.0,3.886455243707625e-70,169.66666666666666,0.16359936274394066,1.2082612809693014,609474.4597476632,609474.4597476632,609474.4597476632,121.30210944391386
314,1429.5171227006208,7.336184768732809e-281,0.0,4.0756582048515605e-282,177.88888888888889,0.16359936274394066,1.2082612809693014,639948.1827350465,639948.1827350465,639948.1827350465,121.74122092143875
315,1429.4921435722283,9.44331024361179e-238,0.0,5.246283468673217e-239,176.55555555555554,0.16359936274394066,1.2082612809693014,671945.5918717989,671945.5918717989,671945.5918717989,122.18033239896364
316,1429.5171227006208,3.300186042124e-311,0.0,1.83343669007e-312,179.88888888888889,0.16359936274394066,1.2082612809693014,705542.8714653889,705542.8714653888,705542.8714653889,122.61944387648853
317,1429.4921435722283,5.3069963438189194e-108,0.0,2.9483313021216217e-109,171.33333333333334,0.16359936274394066,1.2082612809693014,740820.0150386585,740820.0150386586,740820.0150386585,123.05855535401342
318,1429.4921435722283,7.173901659046844e-78,0.0,3.9855009216926913e-79,175.66666666666666,0.16359936274394066,1.2082612809693014,777861.0157905916,777861.0157905917,777861.0157905916,123.49766683153831
319,1429.4921435722283,7.80359152403154e-204,0.0,4.335328624461967e-205,185.66666666666666,0.16359936274394066,1.2082612809693014,816754.0665801213,816754.0665801213,816754.0665801213,123.9367783090632
320,1429.4921435722283,1.6759602806867717e-84,0.0,9.310890448259842e-86,185.0,0.16359936274394066,1.2082612809693014,857591.7699091275,857591.7699091275,857591.7699091275,124.37588978658809
321,1429.4921435722283,1.0073831262144109e-266,0.0,5.596572923413393e-268,175.83333333333334,0.16359936274394066,1.2082612809693014,900471.358404584,900471.3584045841,900471.358404584,124.81500126411298
322,1429.4921435722283,1.234114521525933e-131,0.0,6.856191786255184e-133,166.77777777777777,0.16359936274394066,1.2082612809693014,945494.9263248133,945494.9263248133,945494.9263248133,125.25411274163787
323,1429.4921435722283,1.0452581683077723e-290,0.0,5.806989823932068e-292,173.05555555555554,0.16359936274394066,1.2082612809693014,992769.6726410541,992769.672641054,992769.6726410541,125.69322421916276
324,1429.4921435722283,4.770351810917421e-130,0.0,2.6501954505096784e-131,189.83333333333334,0.16359936274394066,1.2082612809693014,1042408.156273107,1042408.1562731072,1042408.156273107,126.13233569668765
325,1429.4921435722283,0.0,0.0,0.0,183.16666666666666,0.16359936274394066,1.2082612809693014,1094528.5640867625,1094528.5640867625,1094528.5640867625,126.57144717421254
326,1429.5171227006208,0.0,0.0,0.0,192.05555555555554,0.16359936274394066,1.2082612809693014,1149254.9922911008,1149254.9922911006,1149254.9922911008,127.01055865173743
327,1429.5171227006208,0.0,0.0,0.0,166.5,0.16359936274394066,1.2082612809693014,1206717.741905656,1206717.741905656,1206717.741905656,127.44967012926232
328,1429.4921435722283,0.0,0.0,0.0,178.72222222222223,0.16359936274394066,1.2082612809693014,1267053.629000939,1267053.6290009392,1267053.629000939,127.8887816067872
329,1429.4921435722283,0.0,0.0,0.0,181.83333333333334,0.16359936274394066,1.2082612809693014,1330406.3104509863,1330406.3104509863,1330406.3104509863,128.3278930843121
330,1429.4921435722283,2.769682674853125e-278,0.0,1.538712597140625e-279,171.44444444444446,0.16359936274394066,1.2082612809693014,1396926.625973536,1396926.625973536,1396926.625973536,128.76700456183698
331,1429.5171227006208,0.0,0.0,0.0,168.05555555555554,0.16359936274394066,1.2082612809693014,1466772.9572722127,1466772.9572722127,1466772.9572722127,129.2061160393619
332,1429.4921435722283,0.0,0.0,0.0,169.88888888888889,0.16359936274394066,1.2082612809693014,1540111.6051358236,1540111.6051358236,1540111.6051358236,129.64522751688676
333,1429.4921435722283,0.0,0.0,0.0,160.66666666666666,0.16359936274394066,1.2082612809693014,1617117.1853926152,1617117.185392615,1617117.1853926152,130.08433899441167
334,1429.5171227006208,0.0,0.0,0.0,180.55555555555554,0.16359936274394066,1.2082612809693014,1697973.044662246,1697973.0446622462,1697973.044662246,130.52345047193654
335,1429.5171227006208,0.0,0.0,0.0,177.16666666666666,0.16359936274394066,1.2082612809693014,1782871.6968953586,1782871.6968953589,1782871.6968953586,130.96256194946145
336,1429.5171227006208,1.7426576584201987e-128,0.0,9.681431435667771e-130,173.5,0.16359936274394066,1.2082612809693014,1872015.281740127,1872015.281740127,1872015.281740127,131.40167342698632
337,1429.4921435722283,3.489484237351969e-287,0.0,1.938602354084427e-288,178.55555555555554,0.16359936274394066,1.2082612809693014,1965616.0458271336,1965616.0458271338,1965616.0458271336,131.84078490451122
338,1429.4921435722283,0.0,0.0,0.0,182.83333333333334,0.16359936274394066,1.2082612809693014,2063896.8481184905,2063896.848118491,2063896.8481184905,132.2798963820361
339,1429.4921435722283,0.0,0.0,0.0,170.05555555555554,0.16359936274394066,1.2082612809693014,2167091.6905244156,2167091.6905244156,2167091.6905244156,132.719007859561
340,1429.5171227006208,0.0,0.0,0.0,179.72222222222223,0.16359936274394066,1.2082612809693014,2275446.2750506364,2275446.2750506364,2275446.2750506364,133.15811933708588
341,1429.5171227006208,0.0,0.0,0.0,165.83333333333334,0.16359936274394066,1.2082612809693014,2389218.588803169,2389218.588803169,2389218.588803169,133.59723081461078
342,1429.4921435722283,0.0,0.0,0.0,186.33333333333334,0.16359936274394066,1.2082612809693014,2508679.5182433277,2508679.5182433277,2508679.5182433277,134.03634229213566
343,1429.4921435722283,0.0,0.0,0.0,189.11111111111111,0.16359936274394066,1.2082612809693014,2634113.4941554945,2634113.4941554945,2634113.4941554945,134.47545376966056
344,1429.5171227006208,0.0,0.0,0.0,168.5,0.16359936274394066,1.2082612809693014,2765819.1688632695,2765819.16886327,2765819.1688632695,134.91456524718544
345,1429.5171227006208,0.0,0.0,0.0,179.22222222222223,0.16359936274394066,1.2082612809693014,2904110.1273064334,2904110.1273064334,2904110.1273064334,135.35367672471034
346,1429.4921435722283,0.0,0.0,0.0,182.16666666666666,0.16359936274394066,1.2082612809693014,3049315.633671756,3049315.6336717564,3049315.633671756,135.79278820223522
347,1429.4921435722283,0.0,0.0,0.0,169.16666666666666,0.16359936274394066,1.2082612809693014,3201781.415355344,3201781.415355344,3201781.415355344,136.23189967976012
348,1429.4921435722283,0.0,0.0,0.0,181.61111111111111,0.16359936274394066,1.2082612809693014,3361870.4861231116,3361870.4861231116,3361870.4861231116,136.671011157285
349,1429.4921435722283,0.0,0.0,0.0,172.83333333333334,0.16359936274394066,1.2082612809693014,3529964.010429268,3529964.0104292673,3529964.010429268,137.1101226348099
350,1429.5171227006208,0.0,0.0,0.0,187.77777777777777,0.16359936274394066,1.2082612809693014,3706462.2109507318,3706462.2109507318,3706462.2109507318,137.54923411233477
351,1429.4921435722283,0.0,0.0,0.0,187.0,0.16359936274394066,1.2082612809693014,3891785.3214982687,3891785.3214982683,3891785.3214982687,137.98834558985968
352,1429.4921435722283,0.0,0.0,0.0,168.88888888888889,0.16359936274394066,1.2082612809693014,4086374.5875731832,4086374.5875731832,4086374.5875731832,138.42745706738455
353,1429.4921435722283,0.0,0.0,0.0,191.05555555555554,0.16359936274394066,1.2082612809693014,4290693.316951843,4290693.316951842,4290693.316951843,138.86656854490946
354,1429.4921435722283,0.0,0.0,0.0,186.61111111111111,0.16359936274394066,1.2082612809693014,4505227.982799436,4505227.982799436,4505227.982799436,139.30568002243433
355,1429.4921435722283,0.0,0.0,0.0,162.0,0.16359936274394066,1.2082612809693014,4730489.381939408,4730489.381939408,4730489.381939408,139.74479149995923
356,1429.4921435722283,0.0,0.0,0.0,171.38888888888889,0.16359936274394066,1.2082612809693014,4967013.851036379,4967013.851036378,4967013.851036379,140.1839029774841
357,1429.4921435722283,0.0,0.0,0.0,173.27777777777777,0.16359936274394066,1.2082612809693014,5215364.5435882,5215364.5435882,5215364.5435882,140.623014455009
358,1429.4921435722283,0.0,0.0,0.0,175.88888888888889,0.16359936274394066,1.2082612809693014,5476132.7707676105,5476132.7707676105,5476132.7707676105,141.0621259325339
359,1429.4921435722283,0.0,0.0,0.0,177.16666666666666,0.16359936274394066,1.2082612809693014,5749939.409305992,5749939.409305991,5749939.409305992,141.5012374100588
360,1429.4921435722283,0.0,0.0,0.0,180.27777777777777,0.16359936274394066,1.2082612809693014,6037436.379771292,6037436.379771292,6037436.379771292,141.94034888758367
361,1429.4921435722283,0.0,0.0,0.0,165.72222222222223,0.16359936274394066,1.2082612809693014,6339308.198759858,6339308.198759858,6339308.198759858,142.37946036510857
362,1429.4921435722283,0.0,0.0,0.0,171.38888888888889,0.16359936274394066,1.2082612809693014,6656273.608697852,6656273.608697853,6656273.608697852,142.81857184263345
363,1429.4921435722283,0.0,0.0,0.0,178.88888888888889,0.16359936274394066,1.2082612809693014,6989087.289132745,6989087.289132745,6989087.289132745,143.25768332015835
364,1429.4921435722283,0.0,0.0,0.0,177.11111111111111,0.16359936274394066,1.2082612809693014,7338541.653589384,7338541.653589384,7338541.653589384,143.69679479768322
365,1429.5171227006208,0.0,0.0,0.0,186.83333333333334,0.16359936274394066,1.2082612809693014,7705468.736268854,7705468.736268855,7705468.736268854,144.13590627520813
366,1429.5171227006208,0.0,0.0,0.0,177.66666666666666,0.16359936274394066,1.2082612809693014,8090742.173082298,8090742.173082299,8090742.173082298,144.575017752733
367,1429.4921435722283,0.0,0.0,0.0,180.61111111111111,0.16359936274394066,1.2082612809693014,8495279.281736415,8495279.281736417,8495279.281736415,145.0141292302579
368,1429.4921435722283,0.0,0.0,0.0,168.44444444444446,0.16359936274394066,1.2082612809693014,8920043.245823221,8920043.245823221,8920043.245823221,145.45324070778278
369,1429.4921435722283,0.0,0.0,0.0,174.16666666666666,0.16359936274394066,1.2082612809693014,9366045.408114383,9366045.408114383,9366045.408114383,145.89235218530766
370,1429.5171227006208,0.0,0.0,0.0,162.61111111111111,0.16359936274394066,1.2082612809693014,9834347.678520104,9834347.678520104,9834347.678520104,146.33146366283256
371,1429.5171227006208,0.0,0.0,0.0,165.55555555555554,0.16359936274394066,1.2082612809693014,10326065.06244611,10326065.06244611,10326065.06244611,146.77057514035744
372,1429.4921435722283,0.0,0.0,0.0,175.66666666666666,0.16359936274394066,1.2082612809693014,10842368.315568417,10842368.315568417,10842368.315568417,147.20968661788234
373,1429.4921435722283,0.0,0.0,0.0,170.38888888888889,0.16359936274394066,1.2082612809693014,11384486.73134684,11384486.731346842,11384486.73134684,147.64879809540722
374,1429.4921435722283,0.0,0.0,0.0,177.38888888888889,0.16359936274394066,1.2082612809693014,11953711.067914184,11953711.067914186,11953711.067914184,148.08790957293212
375,1429.4921435722283,0.0,0.0,0.0,182.11111111111111,0.16359936274394066,1.2082612809693014,12551396.621309895,12551396.621309893,12551396.621309895,148.527021050457
376,1429.4921435722283,0.0,0.0,0.0,171.16666666666666,0.16359936274394066,1.2082612809693014,13178966.452375391,13178966.452375393,13178966.452375391,148.9661325279819
377,1429.5171227006208,0.0,0.0,0.0,182.0,0.16359936274394066,1.2082612809693014,13837914.774994165,13837914.774994165,13837914.774994165,149.40524400550677
378,1429.4921435722283,0.0,0.0,0.0,171.05555555555554,0.16359936274394066,1.2082612809693014,14529810.513743874,14529810.513743876,14529810.513743874,149.84435548303168
379,1429.4921435722283,0.0,0.0,0.0,176.61111111111111,0.16359936274394066,1.2082612809693014,15256301.03943107,15256301.039431069,15256301.03943107,150.28346696055655
380,1429.4921435722283,0.0,0.0,0.0,167.11111111111111,0.16359936274394066,1.2082612809693014,16019116.091402628,16019116.091402624,16019116.091402628,150.72257843808146
381,1429.4921435722283,0.0,0.0,0.0,181.38888888888889,0.16359936274394066,1.2082612809693014,16820071.895972762,16820071.895972762,16820071.895972762,151.16168991560633
382,1429.5171227006208,0.0,0.0,0.0,162.27777777777777,0.16359936274394066,1.2082612809693014,17661075.4907714,17661075.4907714,17661075.4907714,151.60080139313123
383,1429.4921435722283,0.0,0.0,0.0,176.61111111111111,0.16359936274394066,1.2082612809693014,18544129.265309975,18544129.265309975,18544129.265309975,152.0399128706561
384,1429.5171227006208,0.0,0.0,0.0,187.94444444444446,0.16359936274394066,1.2082612809693014,19471335.728575476,19471335.72857547,19471335.728575476,152.479024348181
385,1429.4921435722283,0.0,0.0,0.0,175.33333333333334,0.16359936274394066,1.2082612809693014,20444902.515004255,20444902.51500425,20444902.515004255,152.9181358257059
386,1429.4921435722283,0.0,0.0,0.0,186.16666666666666,0.16359936274394066,1.2082612809693014,21467147.64075447,21467147.640754465,21467147.64075447,153.3572473032308
387,1429.4921435722283,0.0,0.0,0.0,191.5,0.16359936274394066,1.2082612809693014,22540505.022792194,22540505.022792194,22540505.022792194,153.79635878075567
388,1429.4921435722283,0.0,0.0,0.0,185.83333333333334,0.16359936274394066,1.2082612809693014,23667530.27393181,23667530.273931805,23667530.27393181,154.23547025828057
389,1429.5171227006208,0.0,0.0,0.0,189.0,0.16359936274394066,1.2082612809693014,24850906.787628405,24850906.78762841,24850906.787628405,154.67458173580545
390,1429.5171227006208,0.0,0.0,0.0,180.5,0.16359936274394066,1.2082612809693014,26093452.127009828,26093452.12700983,26093452.127009828,155.11369321333035
391,1429.5171227006208,0.0,0.0,0.0,174.44444444444446,0.16359936274394066,1.2082612809693014,27398124.733360324,27398124.733360324,27398124.733360324,155.55280469085523
392,1429.5171227006208,0.0,0.0,0.0,177.11111111111111,0.16359936274394066,1.2082612809693014,28768030.970028345,28768030.970028345,28768030.970028345,155.99191616838013
393,1429.4921435722283,0.0,0.0,0.0,171.38888888888889,0.16359936274394066,1.2082612809693014,30206432.518529765,30206432.518529765,30206432.518529765,156.431027645905
394,1429.4921435722283,0.0,0.0,0.0,181.0,0.16359936274394066,1.2082612809693014,31716754.14445626,31716754.14445626,31716754.14445626,156.8701391234299
395,1429.4921435722283,0.0,0.0,0.0,175.5,0.16359936274394066,1.2082612809693014,33302591.85167908,33302591.85167908,33302591.85167908,157.30925060095478
396,1429.5171227006208,0.0,0.0,0.0,190.66666666666666,0.16359936274394066,1.2082612809693014,34967721.44426304,34967721.44426304,34967721.44426304,157.7483620784797
397,1429.4921435722283,0.0,0.0,0.0,175.38888888888889,0.16359936274394066,1.2082612809693014,36716107.51647619,36716107.51647619,36716107.51647619,158.18747355600456
398,1429.4921435722283,0.0,0.0,0.0,185.05555555555554,0.16359936274394066,1.2082612809693014,38551912.89230001,38551912.89230001,38551912.89230001,158.62658503352947
399,1429.4921435722283,0.0,0.0,0.0,185.27777777777777,0.16359936274394066,1.2082612809693014,40479508.53691502,40479508.53691501,40479508.53691502,159.06569651105434
400,1429.4921435722283,0.0,0.0,0.0,176.66666666666666,0.16359936274394066,1.2082612809693014,42503483.96376078,42503483.963760786,42503483.96376078,159.50480798857924
401,1429.5171227006208,0.0,0.0,0.0,180.94444444444446,0.16359936274394066,1.2082612809693014,44628658.16194882,44628658.16194882,44628658.16194882,159.94391946610412
402,1429.4921435722283,0.0,0.0,0.0,166.22222222222223,0.16359936274394066,1.2082612809693014,46860091.07004627,46860091.07004626,46860091.07004627,160.38303094362902
403,1429.5171227006208,0.0,0.0,0.0,165.5,0.16359936274394066,1.2082612809693014,49203095.62354859,49203095.62354858,49203095.62354859,160.8221424211539
404,1429.5171227006208,0.0,0.0,0.0,162.27777777777777,0.16359936274394066,1.2082612809693014,51663250.40472603,51663250.40472603,51663250.40472603,161.2612538986788
405,1429.4921435722283,0.0,0.0,0.0,186.16666666666666,0.16359936274394066,1.2082612809693014,54246412.92496234,54246412.92496234,54246412.92496234,161.70036537620368
406,1429.4921435722283,0.0,0.0,0.0,177.38888888888889,0.16359936274394066,1.2082612809693014,56958733.57121047,56958733.57121046,56958733.57121047,162.13947685372858
407,1429.5171227006208,0.0,0.0,0.0,162.88888888888889,0.16359936274394066,1.2082612809693014,59806670.249771,59806670.249771,59806670.249771,162.57858833125346
408,1429.4921435722283,0.0,0.0,0.0,175.5,0.16359936274394066,1.2082612809693014,62797003.76225956,62797003.76225955,62797003.76225956,163.01769980877836
409,1429.4921435722283,0.0,0.0,0.0,169.55555555555554,0.16359936274394066,1.2082612809693014,65936853.95037255,65936853.95037256,65936853.95037255,163.45681128630324
410,1429.5171227006208,0.0,0.0,0.0,157.77777777777777,0.16359936274394066,1.2082612809693014,69233696.64789118,69233696.64789118,69233696.64789118,163.89592276382814
411,1429.4921435722283,0.0,0.0,0.0,189.83333333333334,0.16359936274394066,1.2082612809693014,72695381.48028575,72695381.48028575,72695381.48028575,164.33503424135301
412,1429.4921435722283,0.0,0.0,0.0,176.27777777777777,0.16359936274394066,1.2082612809693014,76330150.55430005,76330150.55430005,76330150.55430005,164.77414571887792
413,1429.5171227006208,0.0,0.0,0.0,176.27777777777777,0.16359936274394066,1.2082612809693014,80146658.08201507,80146658.08201505,80146658.08201507,165.2132571964028
414,1429.4921435722283,0.0,0.0,0.0,184.05555555555554,0.16359936274394066,1.2082612809693014,84153990.98611583,84153990.98611583,84153990.98611583,165.6523686739277
415,1429.4921435722283,0.0,0.0,0.0,169.33333333333334,0.16359936274394066,1.2082612809693014,88361690.53542164,88361690.53542162,88361690.53542164,166.09148015145257
416,1429.4921435722283,0.0,0.0,0.0,176.72222222222223,0.16359936274394066,1.2082612809693014,92779775.06219274,92779775.06219274,92779775.06219274,166.53059162897748
417,1429.5171227006208,0.0,0.0,0.0,162.77777777777777,0.16359936274394066,1.2082612809693014,97418763.81530239,97418763.81530239,97418763.81530239,166.96970310650235
418,1429.4921435722283,0.0,0.0,0.0,158.27777777777777,0.16359936274394066,1.2082612809693014,102289702.00606753,102289702.00606753,102289702.00606753,167.40881458402725
419,1429.5171227006208,0.0,0.0,0.0,177.83333333333334,0.16359936274394066,1.2082612809693014,107404187.10637091,107404187.10637091,107404187.10637091,167.84792606155213
420,1429.5171227006208,0.0,0.0,0.0,168.61111111111111,0.16359936274394066,1.2082612809693014,112774396.46168949,112774396.46168949,112774396.46168949,168.28703753907703
421,1429.5171227006208,0.0,0.0,0.0,172.11111111111111,0.16359936274394066,1.2082612809693014,118413116.28477398,118413116.28477396,118413116.28477398,168.7261490166019
422,1429.5171227006208,0.0,0.0,0.0,191.61111111111111,0.16359936274394066,1.2082612809693014,124333772.09901269,124333772.09901269,124333772.09901269,169.1652604941268
423,1429.4921435722283,0.0,0.0,0.0,169.38888888888889,0.16359936274394066,1.2082612809693014,130550460.70396335,130550460.70396335,130550460.70396335,169.6043719716517
424,1429.5171227006208,0.0,0.0,0.0,164.11111111111111,0.16359936274394066,1.2082612809693014,137077983.73916152,137077983.73916152,137077983.73916152,170.0434834491766
425,1429.4921435722283,0.0,0.0,0.0,175.88888888888889,0.16359936274394066,1.2082612809693014,143931882.92611963,143931882.9261196,143931882.92611963,170.48259492670147
426,1429.4921435722283,0.0,0.0,0.0,179.88888888888889,0.16359936274394066,1.2082612809693014,151128477.07242563,151128477.07242563,151128477.07242563,170.92170640422637
427,1429.4921435722283,0.0,0.0,0.0,183.61111111111111,0.16359936274394066,1.2082612809693014,158684900.92604694,158684900.92604694,158684900.92604694,171.36081788175125
428,1429.4921435722283,0.0,0.0,0.0,179.05555555555554,0.16359936274394066,1.2082612809693014,166619145.97234932,166619145.97234932,166619145.97234932,171.79992935927615
429,1429.4921435722283,0.0,0.0,0.0,161.72222222222223,0.16359936274394066,1.2082612809693014,174950103.27096683,174950103.2709668,174950103.27096683,172.23904083680102
430,1429.4921435722283,0.0,0.0,0.0,176.88888888888889,0.16359936274394066,1.2082612809693014,183697608.43451518,183697608.4345152,183697608.43451518,172.67815231432593
431,1429.4921435722283,0.0,0.0,0.0,176.05555555555554,0.16359936274394066,1.2082612809693014,192882488.85624096,192882488.85624096,192882488.85624096,173.1172637918508
432,1429.4921435722283,0.0,0.0,0.0,179.55555555555554,0.16359936274394066,1.2082612809693014,202526613.29905304,202526613.299053,202526613.29905304,173.5563752693757
433,1429.5171227006208,0.0,0.0,0.0,165.38888888888889,0.16359936274394066,1.2082612809693014,212652943.96400574,212652943.96400574,212652943.96400574,173.99548674690058
434,1429.5171227006208,0.0,0.0,0.0,182.0,0.16359936274394066,1.2082612809693014,223285591.16220605,223285591.1622061,223285591.16220605,174.43459822442549
435,1429.5171227006208,0.0,0.0,0.0,180.44444444444446,0.16359936274394066,1.2082612809693014,234449870.7203164,234449870.7203164,234449870.7203164,174.87370970195036
436,1429.4921435722283,0.0,0.0,0.0,180.55555555555554,0.16359936274394066,1.2082612809693014,246172364.25633225,246172364.25633225,246172364.25633225,175.31282117947526
437,1429.4921435722283,0.0,0.0,0.0,183.22222222222223,0.16359936274394066,1.2082612809693014,258480982.4691489,258480982.4691489,258480982.4691489,175.75193265700014
438,1429.4921435722283,0.0,0.0,0.0,168.83333333333334,0.16359936274394066,1.2082612809693014,271405031.5926064,271405031.5926065,271405031.5926064,176.19104413452504
439,1429.4921435722283,0.0,0.0,0.0,181.83333333333334,0.16359936274394066,1.2082612809693014,284975283.17223674,284975283.17223674,284975283.17223674,176.63015561204992
440,1429.4921435722283,0.0,0.0,0.0,173.05555555555554,0.16359936274394066,1.2082612809693014,299224047.33084863,299224047.33084863,299224047.33084863,177.06926708957482
441,1429.4921435722283,0.0,0.0,0.0,180.05555555555554,0.16359936274394066,1.2082612809693014,314185249.69739115,314185249.6973911,314185249.69739115,177.5083785670997
442,1429.5171227006208,0.0,0.0,0.0,164.0,0.16359936274394066,1.2082612809693014,329894512.18226075,329894512.18226075,329894512.18226075,177.9474900446246
443,1429.5171227006208,0.0,0.0,0.0,168.72222222222223,0.16359936274394066,1.2082612809693014,346389237.79137385,346389237.7913738,346389237.79137385,178.38660152214948
444,1429.4921435722283,0.0,0.0,0.0,174.27777777777777,0.16359936274394066,1.2082612809693014,363708699.6809426,363708699.6809426,363708699.6809426,178.82571299967438
445,1429.4921435722283,0.0,0.0,0.0,184.55555555555554,0.16359936274394066,1.2082612809693014,381894134.66498977,381894134.6649898,381894134.66498977,179.26482447719926
446,1429.4921435722283,0.0,0.0,0.0,190.38888888888889,0.16359936274394066,1.2082612809693014,400988841.3982393,400988841.39823925,400988841.3982393,179.70393595472416
447,1429.4921435722283,0.0,0.0,0.0,182.61111111111111,0.16359936274394066,1.2082612809693014,421038283.46815133,421038283.46815133,421038283.46815133,180.14304743224903
448,1429.5171227006208,0.0,0.0,0.0,180.16666666666666,0.16359936274394066,1.2082612809693014,442090197.641559,442090197.64155906,442090197.641559,180.58215890977394
449,1429.4921435722283,0.0,0.0,0.0,196.44444444444446,0.16359936274394066,1.2082612809693014,464194707.523637,464194707.52363694,464194707.523637,181.0212703872988
450,1429.4921435722283,0.0,0.0,0.0,180.77777777777777,0.16359936274394066,1.2082612809693014,487404442.89981896,487404442.89981896,487404442.89981896,181.46038186482372
451,1429.4921435722283,0.0,0.0,0.0,172.0,0.16359936274394066,1.2082612809693014,511774665.04480994,511774665.0448099,511774665.04480994,181.8994933423486
452,1429.4921435722283,0.0,0.0,0.0,178.55555555555554,0.16359936274394066,1.2082612809693014,537363398.2970506,537363398.2970506,537363398.2970506,182.3386048198735
453,1429.4921435722283,0.0,0.0,0.0,168.27777777777777,0.16359936274394066,1.2082612809693014,564231568.2119032,564231568.2119032,564231568.2119032,182.77771629739837
454,1429.5171227006208,0.0,0.0,0.0,181.0,0.16359936274394066,1.2082612809693014,592443146.6224984,592443146.6224984,592443146.6224984,183.21682777492327
455,1429.5171227006208,0.0,0.0,0.0,172.05555555555554,0.16359936274394066,1.2082612809693014,622065303.9536234,622065303.9536234,622065303.9536234,183.65593925244815
456,1429.5171227006208,0.0,0.0,0.0,174.5,0.16359936274394066,1.2082612809693014,653168569.1513047,653168569.1513047,653168569.1513047,184.09505072997305
457,1429.5171227006208,0.0,0.0,0.0,166.16666666666666,0.16359936274394066,1.2082612809693014,685826997.60887,685826997.60887,685826997.60887,184.53416220749793
458,1429.5171227006208,0.0,0.0,0.0,170.88888888888889,0.16359936274394066,1.2082612809693014,720118347.4893137,720118347.4893138,720118347.4893137,184.97327368502283
459,1429.5171227006208,0.0,0.0,0.0,182.5,0.16359936274394066,1.2082612809693014,756124264.8637794,756124264.8637793,756124264.8637794,185.4123851625477
460,1429.5171227006208,0.0,0.0,0.0,183.83333333333334,0.16359936274394066,1.2082612809693014,793930478.1069685,793930478.1069686,793930478.1069685,185.8514966400726
461,1429.5171227006208,0.0,0.0,0.0,173.44444444444446,0.16359936274394066,1.2082612809693014,833627002.0123171,833627002.012317,833627002.0123171,186.2906081175975
462,1429.4921435722283,0.0,0.0,0.0,179.83333333333334,0.16359936274394066,1.2082612809693014,875308352.1129332,875308352.1129332,875308352.1129332,186.7297195951224
463,1429.4921435722283,0.0,0.0,0.0,179.5,0.16359936274394066,1.2082612809693014,919073769.7185799,919073769.71858,919073769.7185799,187.16883107264727
464,1429.5171227006208,0.0,0.0,0.0,163.66666666666666,0.16359936274394066,1.2082612809693014,965027458.204509,965027458.2045089,965027458.204509,187.60794255017217
465,1429.5171227006208,0.0,0.0,0.0,176.61111111111111,0.16359936274394066,1.2082612809693014,1013278831.1147346,1013278831.1147346,1013278831.1147346,188.04705402769704
466,1429.5171227006208,0.0,0.0,0.0,173.72222222222223,0.16359936274394066,1.2082612809693014,1063942772.6704715,1063942772.6704714,1063942772.6704715,188.48616550522195
467,1429.5171227006208,0.0,0.0,0.0,167.88888888888889,0.16359936274394066,1.2082612809693014,1117139911.3039954,1117139911.3039954,1117139911.3039954,188.92527698274682
468,1429.5171227006208,0.0,0.0,0.0,166.72222222222223,0.16359936274394066,1.2082612809693014,1172996906.8691952,1172996906.8691952,1172996906.8691952,189.36438846027173
469,1429.4921435722283,0.0,0.0,0.0,186.55555555555554,0.16359936274394066,1.2082612809693014,1231646752.2126553,1231646752.2126553,1231646752.2126553,189.8034999377966
470,1429.4921435722283,0.0,0.0,0.0,174.33333333333334,0.16359936274394066,1.2082612809693014,1293229089.8232882,1293229089.8232882,1293229089.8232882,190.2426114153215
471,1429.4921435722283,0.0,0.0,0.0,184.22222222222223,0.16359936274394066,1.2082612809693014,1357890544.314453,1357890544.314453,1357890544.314453,190.68172289284638
472,1429.5171227006208,0.0,0.0,0.0,175.11111111111111,0.16359936274394066,1.2082612809693014,1425785071.5301757,1425785071.530176,1425785071.5301757,191.12083437037128
473,1429.5171227006208,0.0,0.0,0.0,180.16666666666666,0.16359936274394066,1.2082612809693014,1497074325.1066847,1497074325.1066847,1497074325.1066847,191.55994584789616
474,1429.5171227006208,0.0,0.0,0.0,178.61111111111111,0.16359936274394066,1.2082612809693014,1571928041.362019,1571928041.3620188,1571928041.362019,191.99905732542106
475,1429.4921435722283,0.0,0.0,0.0,162.61111111111111,0.16359936274394066,1.2082612809693014,1650524443.4301205,1650524443.4301205,1650524443.4301205,192.43816880294594
476,1429.4921435722283,0.0,0.0,0.0,178.83333333333334,0.16359936274394066,1.2082612809693014,1733050665.6016266,1733050665.6016269,1733050665.6016266,192.87728028047084
477,1429.4921435722283,0.0,0.0,0.0,173.66666666666666,0.16359936274394066,1.2082612809693014,1819703198.8817084,1819703198.8817084,1819703198.8817084,193.31639175799572
478,1429.5171227006208,0.0,0.0,0.0,165.11111111111111,0.16359936274394066,1.2082612809693014,1910688358.825794,1910688358.8257937,1910688358.825794,193.75550323552062
479,1429.4921435722283,0.0,0.0,0.0,160.77777777777777,0.16359936274394066,1.2082612809693014,2006222776.7670841,2006222776.767084,2006222776.7670841,194.1946147130455
480,1429.4921435722283,0.0,0.0,0.0,180.61111111111111,0.16359936274394066,1.2082612809693014,2106533915.6054385,2106533915.6054387,2106533915.6054385,194.6337261905704
481,1429.4921435722283,0.0,0.0,0.0,183.05555555555554,0.16359936274394066,1.2082612809693014,2211860611.3857107,2211860611.385711,2211860611.3857107,195.07283766809527
482,1429.4921435722283,0.0,0.0,0.0,173.61111111111111,0.16359936274394066,1.2082612809693014,2322453641.9549966,2322453641.9549966,2322453641.9549966,195.51194914562018
483,1429.4921435722283,0.0,0.0,0.0,160.0,0.16359936274394066,1.2082612809693014,2438576324.052747,2438576324.0527463,2438576324.052747,195.95106062314505
484,1429.4921435722283,0.0,0.0,0.0,170.11111111111111,0.16359936274394066,1.2082612809693014,2560505140.255385,2560505140.255385,2560505140.255385,196.39017210066996
485,1429.4921435722283,0.0,0.0,0.0,174.33333333333334,0.16359936274394066,1.2082612809693014,2688530397.2681546,2688530397.2681546,2688530397.2681546,196.82928357819483
486,1429.5171227006208,0.0,0.0,0.0,169.22222222222223,0.16359936274394066,1.2082612809693014,2822956917.1315627,2822956917.1315627,2822956917.1315627,197.26839505571974
487,1429.4921435722283,0.0,0.0,0.0,169.44444444444446,0.16359936274394066,1.2082612809693014,2964104762.988141,2964104762.9881406,2964104762.988141,197.7075065332446
488,1429.4921435722283,0.0,0.0,0.0,190.38888888888889,0.16359936274394066,1.2082612809693014,3112310001.137549,3112310001.1375494,3112310001.137549,198.14661801076952
489,1429.4921435722283,0.0,0.0,0.0,172.27777777777777,0.16359936274394066,1.2082612809693014,3267925501.1944265,3267925501.194427,3267925501.1944265,198.5857294882944
490,1429.4921435722283,0.0,0.0,0.0,181.16666666666666,0.16359936274394066,1.2082612809693014,3431321776.2541485,3431321776.2541485,3431321776.2541485,199.0248409658193
491,1429.5171227006208,0.0,0.0,0.0,165.66666666666666,0.16359936274394066,1.2082612809693014,3602887865.0668564,3602887865.0668564,3602887865.0668564,199.46395244334417
492,1429.4921435722283,0.0,0.0,0.0,199.27777777777777,0.16359936274394066,1.2082612809693014,3783032258.3202,3783032258.320199,3783032258.3202,199.90306392086907
493,1429.4921435722283,0.0,0.0,0.0,177.05555555555554,0.16359936274394066,1.2082612809693014,3972183871.2362103,3972183871.2362103,3972183871.2362103,200.34217539839395
494,1429.4921435722283,0.0,0.0,0.0,165.72222222222223,0.16359936274394066,1.2082612809693014,4170793064.798022,4170793064.798022,4170793064.798022,200.78128687591885
495,1429.4921435722283,0.0,0.0,0.0,181.94444444444446,0.16359936274394066,1.2082612809693014,4379332718.037924,4379332718.037925,4379332718.037924,201.22039835344373
496,1429.4921435722283,0.0,0.0,0.0,180.44444444444446,0.16359936274394066,1.2082612809693014,4598299353.93982,4598299353.93982,4598299353.93982,201.65950983096863
497,1429.5171227006208,0.0,0.0,0.0,175.11111111111111,0.16359936274394066,1.2082612809693014,4828214321.636812,4828214321.636811,4828214321.636812,202.0986213084935
498,1429.5171227006208,0.0,0.0,0.0,177.94444444444446,0.16359936274394066,1.2082612809693014,5069625037.718654,5069625037.718654,5069625037.718654,202.5377327860184
499,1429.4921435722283,0.0,0.0,0.0,166.27777777777777,0.16359936274394066,1.2082612809693014,5323106289.604587,5323106289.604587,5323106289.604587,202.97684426354328
